"listing-symbol","listing-name","Links"
"INTERNETDOGE ENUS","InternetDoge ENUS","https://coinsniper.net/coin/52589?k=49401&s=today"
"INFINITYX","InfinityX","https://coinsniper.net/coin/52590?k=49402&s=today"
"LUNA","GryffindorSlytherinRetroArcade09inu","https://coinsniper.net/coin/52591?k=49403&s=today"
"OCS","On Chain Summer","https://coinsniper.net/coin/52592?k=49404&s=today"
"PEPE69 𝕏","Pepe69 𝕏","https://coinsniper.net/coin/52593?k=49405&s=today"
"GEAR5","Gear 5","https://coinsniper.net/coin/52594?k=49406&s=today"
"OFSH","OFSHToken","https://coinsniper.net/coin/52595?k=49407&s=today"
"X","X Of Glory","https://coinsniper.net/coin/52596?k=49408&s=today"
"MCDUCK","Scrooge McDuck","https://coinsniper.net/coin/52597?k=49409&s=today"
"QFUEL","Quantum Fuel","https://coinsniper.net/coin/52598?k=49410&s=today"
"GOKU","Coin of Goku","https://coinsniper.net/coin/52600?k=49411&s=today"
"FARMER","Happy Farming BSC","https://coinsniper.net/coin/52601?k=49412&s=today"
"LOVE","Homogeneous","https://coinsniper.net/coin/52602?k=49413&s=today"
"EMAIL","EMAIL","https://coinsniper.net/coin/52603?k=49414&s=today"
"XTESLA","XTESLA TOKEN","https://coinsniper.net/coin/52604?k=49415&s=today"
"MAZE","Mazena","https://coinsniper.net/coin/52605?k=49416&s=today"
"ALIEN","Alien Coin","https://coinsniper.net/coin/52606?k=49417&s=today"
"WSTFX","Wall Street FX","https://coinsniper.net/coin/52607?k=49418&s=today"
"BOOMM","Boomm token","https://coinsniper.net/coin/52608?k=49419&s=today"
"BALDPEPEX","BALD PEPE X","https://coinsniper.net/coin/52609?k=49420&s=today"
"WSKY","Whiskey.Tools AI","https://coinsniper.net/coin/52610?k=49421&s=today"
"WNEXUS","Nexus Chain","https://coinsniper.net/coin/52611?k=49422&s=today"
"JABRONI","Jabroni","https://coinsniper.net/coin/52612?k=49423&s=today"
"DPT","Dr Pepe Token","https://coinsniper.net/coin/52613?k=49424&s=today"
"BETA","BETARIUM","https://coinsniper.net/coin/52614?k=49425&s=today"
"KONGS","Kongs","https://coinsniper.net/coin/52615?k=49426&s=today"
"BIO","BionicTools","https://coinsniper.net/coin/52616?k=49427&s=today"
"CRASH","wildcrash","https://coinsniper.net/coin/52617?k=49428&s=today"
"SEICLOUD","Seicloud","https://coinsniper.net/coin/52619?k=49429&s=today"
"XMC","X Multi Chain","https://coinsniper.net/coin/52621?k=49430&s=today"
"XIBARIUM","Xibarium","https://coinsniper.net/coin/52623?k=49431&s=today"
"DOGSHI","DogShiToken","https://coinsniper.net/coin/52624?k=49432&s=today"
"AISAFE","AiSafe","https://coinsniper.net/coin/52625?k=49433&s=today"
"INTERNETDOGE = CN","InternetDoge = CN","https://coinsniper.net/coin/52626?k=49434&s=today"
"XM","X Music Coin","https://coinsniper.net/coin/52627?k=49435&s=today"
"RAA","RAA","https://coinsniper.net/coin/52628?k=49436&s=today"
"XC","XCharity","https://coinsniper.net/coin/52629?k=49437&s=today"
"BAPE","BaseApe officials","https://coinsniper.net/coin/52630?k=49438&s=today"
"DORAEMONX","doraemonx","https://coinsniper.net/coin/52631?k=49439&s=today"
"BINU","BRISE INU","https://coinsniper.net/coin/52632?k=49440&s=today"
"MICKEY","Mickey Mouse Offcial","https://coinsniper.net/coin/52633?k=49441&s=today"
"CCW","Chess Club Wallet","https://coinsniper.net/coin/52634?k=49442&s=today"
"KRM","Kurama","https://coinsniper.net/coin/52635?k=49443&s=today"
"XETH","Ethereum x","https://coinsniper.net/coin/52636?k=49444&s=today"
"SOLANA","QueenIsabelMSpacmanRoseCliton","https://coinsniper.net/coin/52637?k=49445&s=today"
"KETAI","ketai科太币","https://coinsniper.net/coin/52639?k=49446&s=today"
"SHIBARIUM 2.0","SHIBARIUM 2.0","https://coinsniper.net/coin/52640?k=49447&s=today"
"PINKCAT","PINKCAT","https://coinsniper.net/coin/52641?k=49448&s=today"
"SHIB","ShibaDogeFlokiShibariumKishuPacman8Inu","https://coinsniper.net/coin/52642?k=49449&s=today"
"POUPETA","Poupeta","https://coinsniper.net/coin/52643?k=49450&s=today"