"listing-symbol","listing-name","Links"
"IDOSCAN","Idoscan","https://coinsniper.net/coin/18582?k=1851&s=today"
"大爱无疆TOKEN","BoundlessLove","https://coinsniper.net/coin/18583?k=1852&s=today"
"XEUS","XEUS","https://coinsniper.net/coin/18584?k=1853&s=today"
"ANSE","ANUBIS EGPTY","https://coinsniper.net/coin/18585?k=1854&s=today"
"LOFI","LokiFloki","https://coinsniper.net/coin/18586?k=1855&s=today"
"ROSETO","#NFTROSE token","https://coinsniper.net/coin/18587?k=1856&s=today"
"GOLDEN","Golden INU","https://coinsniper.net/coin/18588?k=1857&s=today"
"BUFFSHIBA","Buff Shiba Inu","https://coinsniper.net/coin/18589?k=1858&s=today"
"SAFEMOONZILLA","safemoonzilla","https://coinsniper.net/coin/18590?k=1859&s=today"
"HCLOWN","Happy Clown","https://coinsniper.net/coin/18591?k=1860&s=today"
"TRZ","Trazable","https://coinsniper.net/coin/18592?k=1861&s=today"
"NSI","Neo Shiba Inu","https://coinsniper.net/coin/18593?k=1862&s=today"
"DOGGER","DOGGER","https://coinsniper.net/coin/18594?k=1863&s=today"
"SPACEX","SpaceX","https://coinsniper.net/coin/18595?k=1864&s=today"
"BTCPMX","BitChimp","https://coinsniper.net/coin/18596?k=1865&s=today"
"SMC","SmartCake","https://coinsniper.net/coin/18597?k=1866&s=today"
"CZH","CZ Healthz","https://coinsniper.net/coin/18598?k=1867&s=today"
"LILTK","Little Tsuki Inu","https://coinsniper.net/coin/18599?k=1868&s=today"
"METAGIRL","MetaGirl","https://coinsniper.net/coin/18600?k=1869&s=today"
"HUMU","Humu Token","https://coinsniper.net/coin/18601?k=1870&s=today"
"METASOCIAL","MetaverseSocial","https://coinsniper.net/coin/18602?k=1871&s=today"
"MDT","Monster Doge","https://coinsniper.net/coin/18603?k=1872&s=today"
"MEGA","MegaBaby INFT","https://coinsniper.net/coin/18604?k=1873&s=today"
"MF","MEXICAN FLOKI","https://coinsniper.net/coin/18605?k=1874&s=today"
"MOG","Mogli Inu","https://coinsniper.net/coin/18606?k=1875&s=today"
"ANJI","ANJI","https://coinsniper.net/coin/18607?k=1876&s=today"
"HTD","HeroesTD","https://coinsniper.net/coin/18608?k=1877&s=today"
"REDPANDA","Red Panda","https://coinsniper.net/coin/18609?k=1878&s=today"
"MAZE","NFT Maze","https://coinsniper.net/coin/18610?k=1879&s=today"
"BDDASH","Babydogedash","https://coinsniper.net/coin/18611?k=1880&s=today"
"SLYR","RO Slayers","https://coinsniper.net/coin/18612?k=1881&s=today"
"MARSDOGE","Mars Doge","https://coinsniper.net/coin/18613?k=1882&s=today"
"RBET","Royal BET","https://coinsniper.net/coin/18614?k=1883&s=today"
"BBETH","Baby Ethereum","https://coinsniper.net/coin/18615?k=1884&s=today"
"SHIN","SHINOMICS","https://coinsniper.net/coin/18616?k=1885&s=today"
"ESL","Essential","https://coinsniper.net/coin/18617?k=1886&s=today"
"ROCKETBUSD","RocketBUSD","https://coinsniper.net/coin/18618?k=1887&s=today"
"XVMC","Mac&Cheese","https://coinsniper.net/coin/18619?k=1888&s=today"
"SANTA","Rich Santa","https://coinsniper.net/coin/18620?k=1889&s=today"
"QUB","Qubism","https://coinsniper.net/coin/18621?k=1890&s=today"
"HHC","HexaHedron Coin","https://coinsniper.net/coin/18622?k=1891&s=today"
"ALLTORK","Alligatork","https://coinsniper.net/coin/18623?k=1892&s=today"
"DRAGOMONBSC","DragoMonBsc","https://coinsniper.net/coin/18624?k=1893&s=today"
"TTMT","Trump Truth Media Token","https://coinsniper.net/coin/18625?k=1894&s=today"
"WOLFGIRL","Wolf Girl","https://coinsniper.net/coin/18626?k=1895&s=today"
"BFINE","BABY FINE","https://coinsniper.net/coin/18627?k=1896&s=today"
"FOX INU","Fox Inu","https://coinsniper.net/coin/18628?k=1897&s=today"
"FTK","FishToken","https://coinsniper.net/coin/18629?k=1898&s=today"
"RGLD","Rolaz Gold","https://coinsniper.net/coin/18630?k=1899&s=today"
"WOTG","War Of Tribes","https://coinsniper.net/coin/18631?k=1900&s=today"