"listing-symbol","listing-name","Links"
"HOWL","HOWLER","https://coinsniper.net/coin/29467?k=28801&s=today"
"CRDL","Crocodile Coin","https://coinsniper.net/coin/29468?k=28802&s=today"
"UNI","UNION","https://coinsniper.net/coin/29469?k=28803&s=today"
"TOM","TOM TOKEN","https://coinsniper.net/coin/29470?k=28804&s=today"
"JET","MetaJet","https://coinsniper.net/coin/29471?k=28805&s=today"
"EEZY","EEZY Coin","https://coinsniper.net/coin/29472?k=28806&s=today"
"VIOLA","Viola Token","https://coinsniper.net/coin/29473?k=28807&s=today"
"SDM","Smurf Duck Mine","https://coinsniper.net/coin/29474?k=28808&s=today"
"OFFYSD","OFFY SD","https://coinsniper.net/coin/29475?k=28809&s=today"
"PP","Pussy Putin","https://coinsniper.net/coin/29476?k=28810&s=today"
"ELVN","11Minutes","https://coinsniper.net/coin/29477?k=28811&s=today"
"OKLP","OkLetsPlay","https://coinsniper.net/coin/29478?k=28812&s=today"
"ZM","ZODIAC METAVERSE","https://coinsniper.net/coin/29479?k=28813&s=today"
"ALVD","ALVIDA","https://coinsniper.net/coin/29480?k=28814&s=today"
"VDIAMOND","ViaanDiamondToken","https://coinsniper.net/coin/29481?k=28815&s=today"
"MR","Meta Road","https://coinsniper.net/coin/29482?k=28816&s=today"
"CKIE","Cookie","https://coinsniper.net/coin/29483?k=28817&s=today"
"MTFR","Meta Frizzy","https://coinsniper.net/coin/29484?k=28818&s=today"
"WOLFDOGE","Wolfdoge","https://coinsniper.net/coin/29485?k=28819&s=today"
"WSF","WallStreet Finance","https://coinsniper.net/coin/29486?k=28820&s=today"
"SHIROHIGE","SHIROHIGE INU","https://coinsniper.net/coin/29487?k=28821&s=today"
"SHINZO","Shinzo Token","https://coinsniper.net/coin/29488?k=28822&s=today"
"METAL","Metal","https://coinsniper.net/coin/29489?k=28823&s=today"
"ETHERB","EtherBull","https://coinsniper.net/coin/29490?k=28824&s=today"
"DOOGLE","Doogle Token","https://coinsniper.net/coin/29491?k=28825&s=today"
"DORAEMOON","DoraeMoon","https://coinsniper.net/coin/29492?k=28826&s=today"
"PUREMATCH","PureMatch","https://coinsniper.net/coin/29493?k=28827&s=today"
"KING","MetaKingdoms","https://coinsniper.net/coin/29494?k=28828&s=today"
"DZO","Dizocoin","https://coinsniper.net/coin/29495?k=28829&s=today"
"SRAT","Starlink Rats","https://coinsniper.net/coin/29496?k=28830&s=today"
"TDV","Tradeverse","https://coinsniper.net/coin/29497?k=28831&s=today"
"NEOPAD","NeoPad","https://coinsniper.net/coin/29498?k=28832&s=today"
"CH","Chedda Cheese","https://coinsniper.net/coin/29499?k=28833&s=today"
"APE","Apeoshi","https://coinsniper.net/coin/29500?k=28834&s=today"
"TARO","Taro Inu","https://coinsniper.net/coin/29501?k=28835&s=today"
"DXD","HighSchoolDxD","https://coinsniper.net/coin/29502?k=28836&s=today"
"BONX","BonX","https://coinsniper.net/coin/29504?k=28837&s=today"
"BEAR","Social Bear Coin","https://coinsniper.net/coin/29505?k=28838&s=today"
"KOHE","Koala Hero","https://coinsniper.net/coin/29506?k=28839&s=today"
"APE","Ape Inu","https://coinsniper.net/coin/29507?k=28840&s=today"
"PATH","PathFundV2","https://coinsniper.net/coin/29508?k=28841&s=today"
"PBIRB","Parrotly Token","https://coinsniper.net/coin/29509?k=28842&s=today"
"LIBF","Liberta Financial","https://coinsniper.net/coin/29510?k=28843&s=today"
"PRL","Pearl","https://coinsniper.net/coin/29511?k=28844&s=today"
"GPD","Gunpowder","https://coinsniper.net/coin/29512?k=28845&s=today"
"CDOGE","CYBER DOGE","https://coinsniper.net/coin/29513?k=28846&s=today"
"ONLYNFT","OnlyNFT","https://coinsniper.net/coin/29514?k=28847&s=today"
"FANC","Fancentric","https://coinsniper.net/coin/29516?k=28848&s=today"
"SHIBAO","Shibao","https://coinsniper.net/coin/29517?k=28849&s=today"
"MAPPLE","MetaAplle","https://coinsniper.net/coin/29518?k=28850&s=today"