"listing-symbol","listing-name","Links"
"SOZ","SonsOfZeus","https://coinsniper.net/coin/24313?k=7401&s=today"
"BIGNFT","BigNFT Project","https://coinsniper.net/coin/24314?k=7402&s=today"
"MWF","META WARFARE","https://coinsniper.net/coin/24315?k=7403&s=today"
"ZERO","subZero","https://coinsniper.net/coin/24316?k=7404&s=today"
"CUFFIES","Cuffies","https://coinsniper.net/coin/24317?k=7405&s=today"
"LATIN","LATIN COIN","https://coinsniper.net/coin/24318?k=7406&s=today"
"7ET","7ETERNITY","https://coinsniper.net/coin/24319?k=7407&s=today"
"SHIB10K","Shiba10000","https://coinsniper.net/coin/24320?k=7408&s=today"
"TKDROP","Token Bank","https://coinsniper.net/coin/24321?k=7409&s=today"
"WTD","War Thunder","https://coinsniper.net/coin/24322?k=7410&s=today"
"DEGN","DegenDex","https://coinsniper.net/coin/24323?k=7411&s=today"
"DC","DIGITAL CITY","https://coinsniper.net/coin/24324?k=7412&s=today"
"FJT","F*ckJustinTrudeau","https://coinsniper.net/coin/24325?k=7413&s=today"
"KFD","KingFirstDoge","https://coinsniper.net/coin/24326?k=7414&s=today"
"STACKBTC","StackBTC","https://coinsniper.net/coin/24327?k=7415&s=today"
"LOKA","League of Kingdoms","https://coinsniper.net/coin/24328?k=7416&s=today"
"MNG","Moon Nation Game","https://coinsniper.net/coin/24329?k=7417&s=today"
"SQDS","Meta Squid","https://coinsniper.net/coin/24330?k=7418&s=today"
"BYKBOY","BYAKKO BOY","https://coinsniper.net/coin/24331?k=7419&s=today"
"BABYSHIMUSK","Baby Shibnobi Musk","https://coinsniper.net/coin/24332?k=7420&s=today"
"MOONSHOT","MoonShot","https://coinsniper.net/coin/24333?k=7421&s=today"
"FMS","FirstMafiaShib","https://coinsniper.net/coin/24334?k=7422&s=today"
"ISLANDS","ADAislands","https://coinsniper.net/coin/24335?k=7423&s=today"
"SHM","SHIBA MONKEY INU","https://coinsniper.net/coin/24336?k=7424&s=today"
"POM","Planet MetaMartians","https://coinsniper.net/coin/24337?k=7425&s=today"
"MCZZ","Meta Crypto Puzzle","https://coinsniper.net/coin/24338?k=7426&s=today"
"QFD","QueenFlokiDoge","https://coinsniper.net/coin/24339?k=7427&s=today"
"CBC","CZ Binance Coin","https://coinsniper.net/coin/24340?k=7428&s=today"
"MM","Mini Moonbeam","https://coinsniper.net/coin/24341?k=7429&s=today"
"RSP","RAIDER SPIRIT PAINTBALL","https://coinsniper.net/coin/24342?k=7430&s=today"
"MGT","MyGamingToken","https://coinsniper.net/coin/24343?k=7431&s=today"
"METAWEB3","META WEB 3 INU","https://coinsniper.net/coin/24344?k=7432&s=today"
"SLIED","She Lied","https://coinsniper.net/coin/24345?k=7433&s=today"
"BION","Bililhon","https://coinsniper.net/coin/24347?k=7434&s=today"
"GAMEIN","GameInfinity","https://coinsniper.net/coin/24348?k=7435&s=today"
"COON","Maine Coon","https://coinsniper.net/coin/24349?k=7436&s=today"
"DOGES","DogeShark","https://coinsniper.net/coin/24350?k=7437&s=today"
"MUSD","MetaDollars","https://coinsniper.net/coin/24351?k=7438&s=today"
"MTS","Monopoly Token System™","https://coinsniper.net/coin/24352?k=7439&s=today"
"FDQ","FirstDogeQueen","https://coinsniper.net/coin/24353?k=7440&s=today"
"SSL","Starship Launcher","https://coinsniper.net/coin/24354?k=7441&s=today"
"ICE","Ice Floki","https://coinsniper.net/coin/24355?k=7442&s=today"
"TED","TeslaElonDoge","https://coinsniper.net/coin/24356?k=7443&s=today"
"APEINFINITY","ApeInfinity","https://coinsniper.net/coin/24357?k=7444&s=today"
"BETD","BetDEX","https://coinsniper.net/coin/24358?k=7445&s=today"
"LWADA","Lady Wakanda","https://coinsniper.net/coin/24359?k=7446&s=today"
"BRS","Broovs","https://coinsniper.net/coin/24360?k=7447&s=today"
"NOSCAM","NoScamToken","https://coinsniper.net/coin/24361?k=7448&s=today"
"SHIBAFAMILY","ShibaFamily","https://coinsniper.net/coin/24363?k=7449&s=today"
"QUIK","QUIK","https://coinsniper.net/coin/24364?k=7450&s=today"