"listing-symbol","listing-name","Links"
"ECT","Ecochain Token","https://coinsniper.net/coin/11917?k=44501&s=today"
"NXRP","NEW XRP","https://coinsniper.net/coin/11918?k=44502&s=today"
"FCAT","FORTUNECAT","https://coinsniper.net/coin/11919?k=44503&s=today"
"SAMSHB","Samurai Shiba BSC","https://coinsniper.net/coin/11920?k=44504&s=today"
"BNBBABYDOGE","BNBBabyDoge","https://coinsniper.net/coin/11921?k=44505&s=today"
"AVG","Avengers","https://coinsniper.net/coin/11922?k=44506&s=today"
"DOO","DOOiT","https://coinsniper.net/coin/11925?k=44507&s=today"
"ROBYN","Robyn","https://coinsniper.net/coin/11926?k=44508&s=today"
"HOOT","HOOT Coin","https://coinsniper.net/coin/11927?k=44509&s=today"
"HIKARU","HikaruToken","https://coinsniper.net/coin/11928?k=44510&s=today"
"STAKE","Stakeable","https://coinsniper.net/coin/11929?k=44511&s=today"
"SFUEL","SuperFuel","https://coinsniper.net/coin/11930?k=44512&s=today"
"SHIBC","Shiba Clone","https://coinsniper.net/coin/11931?k=44513&s=today"
"SHOGUNSHIB","shogunShiba","https://coinsniper.net/coin/11932?k=44514&s=today"
"CX","Cardex","https://coinsniper.net/coin/11933?k=44515&s=today"
"DogeZilla","DogeZilla","https://coinsniper.net/coin/11934?k=44516&s=today"
"CRWD","Crowdhero","https://coinsniper.net/coin/11935?k=44517&s=today"
"SET","Scarlett","https://coinsniper.net/coin/11936?k=44518&s=today"
"NINJA","NINJA-NFT","https://coinsniper.net/coin/11937?k=44519&s=today"
"COC","Coin of the champions","https://coinsniper.net/coin/11939?k=44520&s=today"
"MONO","Monosino","https://coinsniper.net/coin/11940?k=44521&s=today"
"BR","BullRise","https://coinsniper.net/coin/11941?k=44522&s=today"
"ROYAL","Royal Up","https://coinsniper.net/coin/11942?k=44523&s=today"
"FLOKI","Floki Inu","https://coinsniper.net/coin/11943?k=44524&s=today"
"CUMLITE","CumLite","https://coinsniper.net/coin/11944?k=44525&s=today"
"FLOKI","Floki Inu","https://coinsniper.net/coin/11945?k=44526&s=today"
"BABYOGN","BABY OGN","https://coinsniper.net/coin/11946?k=44527&s=today"
"LAB V3","Little Angry Bunny v3","https://coinsniper.net/coin/11947?k=44528&s=today"
"GLG","Galaga Token","https://coinsniper.net/coin/11948?k=44529&s=today"
"CEG","Crypto Egg GAME","https://coinsniper.net/coin/11949?k=44530&s=today"
"MOON CAKE","MoonCake","https://coinsniper.net/coin/11950?k=44531&s=today"
"FLUX","Flux","https://coinsniper.net/coin/11951?k=44532&s=today"
"BRAVE","BRAVE DOGE","https://coinsniper.net/coin/11952?k=44533&s=today"
"CXRP","CherryXRP","https://coinsniper.net/coin/11953?k=44534&s=today"
"BSCAKE","BabySpaceCake","https://coinsniper.net/coin/11954?k=44535&s=today"
"BABYMR","BabyMoonRocket","https://coinsniper.net/coin/11955?k=44536&s=today"
"BUNNYCAKEPRO","BunnyCakePRO","https://coinsniper.net/coin/11956?k=44537&s=today"
"BUCKS","BuckSwap","https://coinsniper.net/coin/11957?k=44538&s=today"
"NYCAKE","NewYorkCAKE","https://coinsniper.net/coin/11958?k=44539&s=today"
"FAVE","Favecoin","https://coinsniper.net/coin/11959?k=44540&s=today"
"SCS","Success Token","https://coinsniper.net/coin/11960?k=44541&s=today"
"CARD","Items.Finance","https://coinsniper.net/coin/11961?k=44542&s=today"
"NERDY","NerdyInu","https://coinsniper.net/coin/11962?k=44543&s=today"
"SPHYNX","Sphynx Token","https://coinsniper.net/coin/11963?k=44544&s=today"
"SPHYNX","Sphynx Token","https://coinsniper.net/coin/11964?k=44545&s=today"
"RAGNAROK","Ragnarok","https://coinsniper.net/coin/11965?k=44546&s=today"
"BABYPOS","BabyPoseidon","https://coinsniper.net/coin/11966?k=44547&s=today"
"JNGL","JungleShiba","https://coinsniper.net/coin/11968?k=44548&s=today"
"BABYROBIN","Baby Robin","https://coinsniper.net/coin/11969?k=44549&s=today"
"DDOGE","DonDoge","https://coinsniper.net/coin/11970?k=44550&s=today"