"listing-symbol","listing-name","Links"
"EGYPT","Egyptian Gods","https://coinsniper.net/coin/24259?k=7351&s=today"
"BMC","Boomercoin","https://coinsniper.net/coin/24260?k=7352&s=today"
"(SCHRY)","SolChrysalis","https://coinsniper.net/coin/24261?k=7353&s=today"
"PP","PetPlanet","https://coinsniper.net/coin/24262?k=7354&s=today"
"NST","Nordic Swap","https://coinsniper.net/coin/24263?k=7355&s=today"
"WI","Web3Intelligence","https://coinsniper.net/coin/24264?k=7356&s=today"
"FLOKININJA","Floki Ninja","https://coinsniper.net/coin/24265?k=7357&s=today"
"BUSDZ","Safe Green","https://coinsniper.net/coin/24267?k=7358&s=today"
"BEAR","BearToken","https://coinsniper.net/coin/24268?k=7359&s=today"
"FIDES","Fides Token","https://coinsniper.net/coin/24271?k=7360&s=today"
"MYCTY","My Crypto City","https://coinsniper.net/coin/24272?k=7361&s=today"
"CPA","Cryptoaips","https://coinsniper.net/coin/24273?k=7362&s=today"
"SM","Space Monkey","https://coinsniper.net/coin/24274?k=7363&s=today"
"T-REX","TrexMeta","https://coinsniper.net/coin/24275?k=7364&s=today"
"BAD","Baddoge","https://coinsniper.net/coin/24276?k=7365&s=today"
"TF","TouchFuture","https://coinsniper.net/coin/24277?k=7366&s=today"
"OMT","OniMeta","https://coinsniper.net/coin/24278?k=7367&s=today"
"FLAFLO","FlappyFloki","https://coinsniper.net/coin/24279?k=7368&s=today"
"BZT","BullishZukoInuToken","https://coinsniper.net/coin/24280?k=7369&s=today"
"ANDO","Angry Doge","https://coinsniper.net/coin/24281?k=7370&s=today"
"METAEX","METAEARTH-X","https://coinsniper.net/coin/24283?k=7371&s=today"
"METACHIKUINU","Meta Chiku Inu","https://coinsniper.net/coin/24284?k=7372&s=today"
"PV2","Pokiverse V2","https://coinsniper.net/coin/24285?k=7373&s=today"
"BABY","BabyCoin","https://coinsniper.net/coin/24286?k=7374&s=today"
"UNV","universe (BSC)","https://coinsniper.net/coin/24287?k=7375&s=today"
"SMILE","Emoticon SMILE","https://coinsniper.net/coin/24288?k=7376&s=today"
"ORC","ORCSWAP","https://coinsniper.net/coin/24289?k=7377&s=today"
"MARSIFY","Marsify","https://coinsniper.net/coin/24290?k=7378&s=today"
"BTCH","BITChro","https://coinsniper.net/coin/24291?k=7379&s=today"
"FEENIXV2","Project FeenixV2","https://coinsniper.net/coin/24292?k=7380&s=today"
"DINOSAURS","Rosscoin","https://coinsniper.net/coin/24293?k=7381&s=today"
"FDE","FlexDefi","https://coinsniper.net/coin/24294?k=7382&s=today"
"RED","Red Chart","https://coinsniper.net/coin/24295?k=7383&s=today"
"MGLX","MetaGLX","https://coinsniper.net/coin/24296?k=7384&s=today"
"ELVIRA","Elvira Token","https://coinsniper.net/coin/24297?k=7385&s=today"
"DRAGONBALL","DragonBallinu","https://coinsniper.net/coin/24298?k=7386&s=today"
"MIL","Millenar","https://coinsniper.net/coin/24299?k=7387&s=today"
"BINANCE","Duck Inu","https://coinsniper.net/coin/24300?k=7388&s=today"
"ALTS","AltSwitch","https://coinsniper.net/coin/24301?k=7389&s=today"
"DUCK","Duck Inu","https://coinsniper.net/coin/24302?k=7390&s=today"
"MJF","Mejiro NFT","https://coinsniper.net/coin/24303?k=7391&s=today"
"BSC","Jack","https://coinsniper.net/coin/24304?k=7392&s=today"
"DOGE","Doge Dollar","https://coinsniper.net/coin/24305?k=7393&s=today"
"BSCLAMBO","Bsc Lambo","https://coinsniper.net/coin/24306?k=7394&s=today"
"BSC","Janck","https://coinsniper.net/coin/24307?k=7395&s=today"
"BSC","Janckbbs","https://coinsniper.net/coin/24308?k=7396&s=today"
"CMFC","CMF Cash","https://coinsniper.net/coin/24309?k=7397&s=today"
"PLANET9","PLANET9","https://coinsniper.net/coin/24310?k=7398&s=today"
"BBRISE","BabyBitrise","https://coinsniper.net/coin/24311?k=7399&s=today"
"BNB1000X","BNB1000x","https://coinsniper.net/coin/24312?k=7400&s=today"