"listing-symbol","listing-name","Links"
"NILLA","Nilla INu","https://coinsniper.net/coin/45596?k=34651&s=today"
"ARBI","ArbiBabySpace","https://coinsniper.net/coin/45597?k=34652&s=today"
"COWRIE","MYCOWRIE","https://coinsniper.net/coin/45598?k=34653&s=today"
"HBIT","HashBit Blockchain","https://coinsniper.net/coin/45599?k=34654&s=today"
"AI UNIVERSE","AI Universe","https://coinsniper.net/coin/45600?k=34655&s=today"
"BABYARB","BabyARB","https://coinsniper.net/coin/45601?k=34656&s=today"
"MDS","Monedis","https://coinsniper.net/coin/45602?k=34657&s=today"
"INRT","INRT","https://coinsniper.net/coin/45603?k=34658&s=today"
"GT","Goatorious","https://coinsniper.net/coin/45604?k=34659&s=today"
"FRZSSCOIN","FRZ Solar System Coin","https://coinsniper.net/coin/45605?k=34660&s=today"
"MKX","MONKEX","https://coinsniper.net/coin/45606?k=34661&s=today"
"XTC","Xiu Token Cash","https://coinsniper.net/coin/45607?k=34662&s=today"
"INAI","InvestroAI","https://coinsniper.net/coin/45608?k=34663&s=today"
"BOWL","BOWL SHIBARIUM","https://coinsniper.net/coin/45609?k=34664&s=today"
"DORSIA","DORSIA","https://coinsniper.net/coin/45610?k=34665&s=today"
"POSF","Power Solar Farm","https://coinsniper.net/coin/45611?k=34666&s=today"
"FP","Floki Protocol","https://coinsniper.net/coin/45612?k=34667&s=today"
"GARB","Arbitrum Grow","https://coinsniper.net/coin/45616?k=34668&s=today"
"BABYBEE","Baby Bee Coin","https://coinsniper.net/coin/45617?k=34669&s=today"
"KINGKONG","KingKong Doge","https://coinsniper.net/coin/45620?k=34670&s=today"
"BNBGPT","bnbGPT","https://coinsniper.net/coin/45621?k=34671&s=today"
"BABYSHARBI","BabySharbi","https://coinsniper.net/coin/45622?k=34672&s=today"
"JOOZY","JOOZY PRO","https://coinsniper.net/coin/45623?k=34673&s=today"
"DEJI","Dejitaru Tsuru","https://coinsniper.net/coin/45624?k=34674&s=today"
"URDEX","UrDex Finance","https://coinsniper.net/coin/45625?k=34675&s=today"
"TBX","TOONSBOX TOKEN","https://coinsniper.net/coin/45626?k=34676&s=today"
"BYTC","Byte Commerce","https://coinsniper.net/coin/45627?k=34677&s=today"
"USDOGEINT","USdogeint","https://coinsniper.net/coin/45628?k=34678&s=today"
"DINU","Dino Inu","https://coinsniper.net/coin/45630?k=34679&s=today"
"OVE","Oryve","https://coinsniper.net/coin/45631?k=34680&s=today"
"OMT","Omicron Token","https://coinsniper.net/coin/45632?k=34681&s=today"
"BKC","Baby King Croge","https://coinsniper.net/coin/45633?k=34682&s=today"
"KRABBIT23","King Rabbit 2k23","https://coinsniper.net/coin/45634?k=34683&s=today"
"BULL","Bull CEO","https://coinsniper.net/coin/45635?k=34684&s=today"
"GATO","elGato Coin","https://coinsniper.net/coin/45636?k=34685&s=today"
"100XGEMS","100xGems","https://coinsniper.net/coin/45637?k=34686&s=today"
"PACHA","PACHA","https://coinsniper.net/coin/45638?k=34687&s=today"
"PROTON","Proton Protocol","https://coinsniper.net/coin/45639?k=34688&s=today"
"SNLG","Siri Natural Language Generation","https://coinsniper.net/coin/45640?k=34689&s=today"
"ARBN","Arbians","https://coinsniper.net/coin/45641?k=34690&s=today"
"SOFINE","SoFi Network","https://coinsniper.net/coin/45642?k=34691&s=today"
"XH","Xinghuo","https://coinsniper.net/coin/45644?k=34692&s=today"
"DGR","DogeGrow","https://coinsniper.net/coin/45645?k=34693&s=today"
"PPAY","Pioneers Pay","https://coinsniper.net/coin/45646?k=34694&s=today"
"JX","JX","https://coinsniper.net/coin/45647?k=34695&s=today"
"OPTIMUSAI","Optimus AI","https://coinsniper.net/coin/45648?k=34696&s=today"
"MTC","moto x3m","https://coinsniper.net/coin/45649?k=34697&s=today"
"R3T","Real estate token","https://coinsniper.net/coin/45650?k=34698&s=today"
"QUACK","Duck You!","https://coinsniper.net/coin/45651?k=34699&s=today"
"INTDOGEUS","IntDogeUS","https://coinsniper.net/coin/45652?k=34700&s=today"