"listing-symbol","listing-name","Links"
"HAPPYBUNNU","Happy Ester Bunny","https://coinsniper.net/coin/30701?k=30001&s=today"
"EASTER","Easter Inu","https://coinsniper.net/coin/30702?k=30002&s=today"
"♛SHIBJ♛","SHIBA JUNIOR","https://coinsniper.net/coin/30703?k=30003&s=today"
"APEBORG","APEBORG","https://coinsniper.net/coin/30704?k=30004&s=today"
"GCRO","GrowCRO","https://coinsniper.net/coin/30705?k=30005&s=today"
"PARROTS","parrotcoin","https://coinsniper.net/coin/30706?k=30006&s=today"
"MIT","Meta Infinity Token","https://coinsniper.net/coin/30707?k=30007&s=today"
"MOBOBT","Mobsters Of Brynteg Terrace","https://coinsniper.net/coin/30708?k=30008&s=today"
"INRS","StableR","https://coinsniper.net/coin/30709?k=30009&s=today"
"CLP","Cloud Pad","https://coinsniper.net/coin/30710?k=30010&s=today"
"ROOM","Roomful Metaverse","https://coinsniper.net/coin/30711?k=30011&s=today"
"MGA","Mastermind Games","https://coinsniper.net/coin/30712?k=30012&s=today"
"APECRON","Apecron","https://coinsniper.net/coin/30713?k=30013&s=today"
"CT","CLIQ token","https://coinsniper.net/coin/30714?k=30014&s=today"
"SAO","Sword Art Online","https://coinsniper.net/coin/30715?k=30015&s=today"
"HIKO","HIKO INU","https://coinsniper.net/coin/30716?k=30016&s=today"
"CBFI","CoinBox Finance","https://coinsniper.net/coin/30717?k=30017&s=today"
"SENA","PROJECT SENA","https://coinsniper.net/coin/30719?k=30018&s=today"
"EV","EVAI","https://coinsniper.net/coin/30720?k=30019&s=today"
"FUCKRACA","Fuck Radio Caca","https://coinsniper.net/coin/30721?k=30020&s=today"
"CAWBC","CAW BSC","https://coinsniper.net/coin/30722?k=30021&s=today"
"AZHI","AZHI TOKEN","https://coinsniper.net/coin/30723?k=30022&s=today"
"BBC","BareBoneClub","https://coinsniper.net/coin/30724?k=30023&s=today"
"MDUCKS","MoonDuck","https://coinsniper.net/coin/30725?k=30024&s=today"
"MVGT","METAVGALAXY TOKEN","https://coinsniper.net/coin/30726?k=30025&s=today"
"STA","Seasta","https://coinsniper.net/coin/30727?k=30026&s=today"
"MPT","Monopoly On-Chain","https://coinsniper.net/coin/30728?k=30027&s=today"
"BOJI","Boji Token","https://coinsniper.net/coin/30729?k=30028&s=today"
"BMR","BlueMars","https://coinsniper.net/coin/30730?k=30029&s=today"
"AVEC","Avenida Crypto Token","https://coinsniper.net/coin/30731?k=30030&s=today"
"BABYAPE","Baby ApeCoin","https://coinsniper.net/coin/30732?k=30031&s=today"
"LPRO","Lunar Protocol","https://coinsniper.net/coin/30733?k=30032&s=today"
"TBF","The Big Five","https://coinsniper.net/coin/30734?k=30033&s=today"
"AXV","Apexaverse","https://coinsniper.net/coin/30735?k=30034&s=today"
"ANW","Apes N Whales","https://coinsniper.net/coin/30736?k=30035&s=today"
"ZUCK META","Zuck Buck Meta","https://coinsniper.net/coin/30737?k=30036&s=today"
"BONK","Baby Bonk","https://coinsniper.net/coin/30738?k=30037&s=today"
"DACN","DAYSTARCOIN","https://coinsniper.net/coin/30739?k=30038&s=today"
"KSA","KingShibArabian","https://coinsniper.net/coin/30740?k=30039&s=today"
"MANC","mancium","https://coinsniper.net/coin/30741?k=30040&s=today"
"BIRD","SpaceBird Token","https://coinsniper.net/coin/30742?k=30041&s=today"
"TINU","Twitter Inu","https://coinsniper.net/coin/30743?k=30042&s=today"
"METAWIFEY","MetaWifey","https://coinsniper.net/coin/30744?k=30043&s=today"
"SPQ","SpicyCoin","https://coinsniper.net/coin/30745?k=30044&s=today"
"CRN","Cronero","https://coinsniper.net/coin/30746?k=30045&s=today"
"GALAX","Galactic Phoenix","https://coinsniper.net/coin/30747?k=30046&s=today"
"RUGMUNCHERTOKEN","Rug Muncher Token","https://coinsniper.net/coin/30748?k=30047&s=today"
"BAR","Baby Arabian","https://coinsniper.net/coin/30749?k=30048&s=today"
"TWEETY","TWEETY","https://coinsniper.net/coin/30750?k=30049&s=today"
"RE","Roasted Elon","https://coinsniper.net/coin/30751?k=30050&s=today"