"listing-symbol","listing-name","Links"
"PEPEM","Habemus $PEPEM","https://coinsniper.net/coin/48441?k=37301&s=today"
"PMT","PepeMix Token","https://coinsniper.net/coin/48442?k=37302&s=today"
"RUPERT","RUPERT GRIFFIN","https://coinsniper.net/coin/48443?k=37303&s=today"
"LARRY","Larry","https://coinsniper.net/coin/48444?k=37304&s=today"
"SHARKOIN","SHARKOIN","https://coinsniper.net/coin/48445?k=37305&s=today"
"PEKACHU","Pekachu Fair Launch","https://coinsniper.net/coin/48446?k=37306&s=today"
"SDFX","SadFox","https://coinsniper.net/coin/48447?k=37307&s=today"
"PEPEX.AI","Pepe X.AI","https://coinsniper.net/coin/48448?k=37308&s=today"
"PEPEL","Pepe Life","https://coinsniper.net/coin/48449?k=37309&s=today"
"ZYN","Zynecoin","https://coinsniper.net/coin/48450?k=37310&s=today"
"PEPEKING","Pepe King Coin","https://coinsniper.net/coin/48451?k=37311&s=today"
"PERHAPS","Perhaps","https://coinsniper.net/coin/48452?k=37312&s=today"
"RCAT","RichCat Token","https://coinsniper.net/coin/48453?k=37313&s=today"
"RFD","Refund -","https://coinsniper.net/coin/48454?k=37314&s=today"
"BNBRABBIT","BNBRabbit","https://coinsniper.net/coin/48455?k=37315&s=today"
"SPJAM","SPACE JAM","https://coinsniper.net/coin/48456?k=37316&s=today"
"CRK","CryptoCrack","https://coinsniper.net/coin/48457?k=37317&s=today"
"IPEPE","Itachi Pepe","https://coinsniper.net/coin/48458?k=37318&s=today"
"FROZE","Frozenai","https://coinsniper.net/coin/48459?k=37319&s=today"
"SUNNYETH","SunnyEth","https://coinsniper.net/coin/48460?k=37320&s=today"
"GRANMA","Granma","https://coinsniper.net/coin/48461?k=37321&s=today"
"CHEESED","Cheesed","https://coinsniper.net/coin/48462?k=37322&s=today"
"USPEPE","American pepe","https://coinsniper.net/coin/48463?k=37323&s=today"
"KONG","KING KONG","https://coinsniper.net/coin/48464?k=37324&s=today"
"FELIX","Felix","https://coinsniper.net/coin/48465?k=37325&s=today"
"CHADD","$CHADD","https://coinsniper.net/coin/48466?k=37326&s=today"
"CHAIRS","Musical Chairs","https://coinsniper.net/coin/48468?k=37327&s=today"
"GRINCH","Mr Grinch","https://coinsniper.net/coin/48469?k=37328&s=today"
"JEFE","El Jefe Pepe","https://coinsniper.net/coin/48470?k=37329&s=today"
"BPT","Baby Pepe Turbo","https://coinsniper.net/coin/48471?k=37330&s=today"
"PSHIB","PonyShibaInu","https://coinsniper.net/coin/48472?k=37331&s=today"
"BOBPEPE","BOBPepe","https://coinsniper.net/coin/48473?k=37332&s=today"
"ETH","goatlife","https://coinsniper.net/coin/48474?k=37333&s=today"
"DOODIE","DoodieMan","https://coinsniper.net/coin/48475?k=37334&s=today"
"PAYU","PAYU","https://coinsniper.net/coin/48476?k=37335&s=today"
"SHEPE","SHEPE","https://coinsniper.net/coin/48478?k=37336&s=today"
"PEPES","Pepe Swap","https://coinsniper.net/coin/48480?k=37337&s=today"
"FRY","FryToken","https://coinsniper.net/coin/48481?k=37338&s=today"
"NANA","Bananace","https://coinsniper.net/coin/48482?k=37339&s=today"
"BEN","Bencoineth.com Token","https://coinsniper.net/coin/48483?k=37340&s=today"
"PEPEPANTS","PepePants","https://coinsniper.net/coin/48484?k=37341&s=today"
"ASLAN","The Great Lion of Narnia","https://coinsniper.net/coin/48485?k=37342&s=today"
"BAGEL","bagelbank","https://coinsniper.net/coin/48486?k=37343&s=today"
"WAWA","Wacky Walrus","https://coinsniper.net/coin/48487?k=37344&s=today"
"TETE","TEETEE","https://coinsniper.net/coin/48488?k=37345&s=today"
"BULLA","Hasbulla","https://coinsniper.net/coin/48489?k=37346&s=today"
"SPEPE","superpepe","https://coinsniper.net/coin/48490?k=37347&s=today"
"PEPEKA","Gay Pepeka","https://coinsniper.net/coin/48491?k=37348&s=today"
"PEBU","PEPE BURN","https://coinsniper.net/coin/48492?k=37349&s=today"
"COCO","COCO INU","https://coinsniper.net/coin/48493?k=37350&s=today"