"listing-symbol","listing-name","Links"
"REWPLAY","RewordPlay","https://coinsniper.net/coin/26925?k=26301&s=today"
"METHC","Methcoin","https://coinsniper.net/coin/26926?k=26302&s=today"
"GWP","Green Watt Project","https://coinsniper.net/coin/26927?k=26303&s=today"
"KITTY","AlleyCatz","https://coinsniper.net/coin/26928?k=26304&s=today"
"WARSHIP","War Ship","https://coinsniper.net/coin/26929?k=26305&s=today"
"PADI","Padi Swap","https://coinsniper.net/coin/26930?k=26306&s=today"
"VS","ValleySwap","https://coinsniper.net/coin/26931?k=26307&s=today"
"CCT","canncrypto","https://coinsniper.net/coin/26932?k=26308&s=today"
"WWIII","WorldWarIII","https://coinsniper.net/coin/26933?k=26309&s=today"
"SGB","Smart Global Token","https://coinsniper.net/coin/26934?k=26310&s=today"
"EUSD","EarnUSD","https://coinsniper.net/coin/26935?k=26311&s=today"
"BABYBEL","BABYBEL","https://coinsniper.net/coin/26936?k=26312&s=today"
"VCT","Veterans Charity Coin","https://coinsniper.net/coin/26937?k=26313&s=today"
"FLOKII","Floki Kishu Inu","https://coinsniper.net/coin/26938?k=26314&s=today"
"LOVE","Love Protocol","https://coinsniper.net/coin/26939?k=26315&s=today"
"NSIN","New Sin City Token","https://coinsniper.net/coin/26940?k=26316&s=today"
"FETT","Bobafett Inu","https://coinsniper.net/coin/26941?k=26317&s=today"
"ELONXRP","ELON XRP","https://coinsniper.net/coin/26942?k=26318&s=today"
"MTX","Metasex💋","https://coinsniper.net/coin/26943?k=26319&s=today"
"PLC","PlayerCoin","https://coinsniper.net/coin/26944?k=26320&s=today"
"LYT","LIBERTY Token","https://coinsniper.net/coin/26945?k=26321&s=today"
"NEON","NftNeon","https://coinsniper.net/coin/26946?k=26322&s=today"
"COWKING","Cowking","https://coinsniper.net/coin/26947?k=26323&s=today"
"STIGER","SincereTiger","https://coinsniper.net/coin/26948?k=26324&s=today"
"CWC","CryptoWallCity","https://coinsniper.net/coin/26949?k=26325&s=today"
"SHISA","BLACK GOAT","https://coinsniper.net/coin/26950?k=26326&s=today"
"FOOT","Footprint Analytics","https://coinsniper.net/coin/26951?k=26327&s=today"
"MONSTR","MonstaVerse","https://coinsniper.net/coin/26952?k=26328&s=today"
"KSZ","KingSupremeZilla","https://coinsniper.net/coin/26953?k=26329&s=today"
"WTH","Worth","https://coinsniper.net/coin/26954?k=26330&s=today"
"DOGKING","dogking","https://coinsniper.net/coin/26955?k=26331&s=today"
"CRML","Caramel","https://coinsniper.net/coin/26956?k=26332&s=today"
"RAC","Raccoon","https://coinsniper.net/coin/26957?k=26333&s=today"
"CRML","Caramel","https://coinsniper.net/coin/26958?k=26334&s=today"
"BCATARM","BABY CATARM","https://coinsniper.net/coin/26959?k=26335&s=today"
"CRML","Caramel","https://coinsniper.net/coin/26960?k=26336&s=today"
"WMX","Worldmapx","https://coinsniper.net/coin/26961?k=26337&s=today"
"METAFLOKIR","META FLOKI RUSH","https://coinsniper.net/coin/26962?k=26338&s=today"
"DONG","Badonkadonkeykong","https://coinsniper.net/coin/26963?k=26339&s=today"
"ADRT","Andromeda Token V2","https://coinsniper.net/coin/26964?k=26340&s=today"
"WKEKE","wkeke","https://coinsniper.net/coin/26965?k=26341&s=today"
"MSKY","MetaSkylines","https://coinsniper.net/coin/26966?k=26342&s=today"
"UNP","UniPlayCoin","https://coinsniper.net/coin/26967?k=26343&s=today"
"DRAGON","Meta Dragon City","https://coinsniper.net/coin/26968?k=26344&s=today"
"XMF","XMetaFans","https://coinsniper.net/coin/26969?k=26345&s=today"
"LOKA","LEAGUE OF KINGDOMS🌽","https://coinsniper.net/coin/26970?k=26346&s=today"
"PRDX","Paradox DAO","https://coinsniper.net/coin/26971?k=26347&s=today"
"FTRB","Faith Tribe","https://coinsniper.net/coin/26972?k=26348&s=today"
"TL","TrueLayer","https://coinsniper.net/coin/26973?k=26349&s=today"
"TETRA","TETRA","https://coinsniper.net/coin/26974?k=26350&s=today"