"listing-symbol","listing-name","Links"
"RTB","Retro Bet","https://coinsniper.net/coin/31852?k=31001&s=today"
"BSM","Baby Shark","https://coinsniper.net/coin/31853?k=31002&s=today"
"BAKERYBNB","BakeryBNB","https://coinsniper.net/coin/31854?k=31003&s=today"
"LUFFYDOGE","Doge D. Luffy","https://coinsniper.net/coin/31855?k=31004&s=today"
"CROOKIE","Crookie","https://coinsniper.net/coin/31856?k=31005&s=today"
"SHIBI","ShibZombie","https://coinsniper.net/coin/31857?k=31006&s=today"
"DOGERETT","Dogerett Rewards","https://coinsniper.net/coin/31858?k=31007&s=today"
"LIBERA","Libera.financial","https://coinsniper.net/coin/31859?k=31008&s=today"
"USDT","Usdtminer","https://coinsniper.net/coin/31860?k=31009&s=today"
"CBDC","cbd-coin","https://coinsniper.net/coin/31861?k=31010&s=today"
"ILI","ILLUMINATI","https://coinsniper.net/coin/31862?k=31011&s=today"
"DEVO","Destiny Evo","https://coinsniper.net/coin/31863?k=31012&s=today"
"VNM","Venom","https://coinsniper.net/coin/31864?k=31013&s=today"
"WRC","WebRewardCoin","https://coinsniper.net/coin/31865?k=31014&s=today"
"OKAY","OkayToken","https://coinsniper.net/coin/31866?k=31015&s=today"
"CYME","Crypto Youth Movement","https://coinsniper.net/coin/31867?k=31016&s=today"
"COPYDOGE","COPYDOGE","https://coinsniper.net/coin/31869?k=31017&s=today"
"SWEATN","Sweat2Earn","https://coinsniper.net/coin/31870?k=31018&s=today"
"JRC","JerryCoin","https://coinsniper.net/coin/31871?k=31019&s=today"
"MOVEKAPPA","Move Kappa","https://coinsniper.net/coin/31872?k=31020&s=today"
"STRT","STRT BUTTON","https://coinsniper.net/coin/31873?k=31021&s=today"
"KITTYNFT","KITTY NFT","https://coinsniper.net/coin/31874?k=31022&s=today"
"MKN","METAKING NFT","https://coinsniper.net/coin/31875?k=31023&s=today"
"PLANET","PLANET NFT","https://coinsniper.net/coin/31876?k=31024&s=today"
"MFC","Monster Finance","https://coinsniper.net/coin/31877?k=31025&s=today"
"OMD","1MDAO","https://coinsniper.net/coin/31878?k=31026&s=today"
"GDOGE","Gangsta Doge","https://coinsniper.net/coin/31879?k=31027&s=today"
"MOVE","Movekappa","https://coinsniper.net/coin/31880?k=31028&s=today"
"NFTSEED","NFT SEED","https://coinsniper.net/coin/31881?k=31029&s=today"
"MTRS","Metarenas","https://coinsniper.net/coin/31882?k=31030&s=today"
"ASN","ANGRY SHIBA NFT","https://coinsniper.net/coin/31883?k=31031&s=today"
"PETSNFT","PETS NFT","https://coinsniper.net/coin/31884?k=31032&s=today"
"RARENFT","RARE NFT","https://coinsniper.net/coin/31885?k=31033&s=today"
"TOMATONFT","TOMATO NFT","https://coinsniper.net/coin/31886?k=31034&s=today"
"T2B","TONY TO BLUNTS NFT","https://coinsniper.net/coin/31887?k=31035&s=today"
"ONLY","ONLY NFT","https://coinsniper.net/coin/31888?k=31036&s=today"
"PIXIE","Pixie","https://coinsniper.net/coin/31889?k=31037&s=today"
"INFINITE","INFINITE NFT","https://coinsniper.net/coin/31890?k=31038&s=today"
"CBS","CyborgShiba","https://coinsniper.net/coin/31891?k=31039&s=today"
"FLX","Felix Token","https://coinsniper.net/coin/31892?k=31040&s=today"
"MAPLE","MapleDeFi","https://coinsniper.net/coin/31893?k=31041&s=today"
"CANABOYZ","CANA","https://coinsniper.net/coin/31894?k=31042&s=today"
"CIKO","Ciko Inu","https://coinsniper.net/coin/31895?k=31043&s=today"
"ACN","AMAZING CLUB NFT","https://coinsniper.net/coin/31896?k=31044&s=today"
"SOCCER","NFT SOCCER","https://coinsniper.net/coin/31897?k=31045&s=today"
"KAMBOW","KAMBOW NFT","https://coinsniper.net/coin/31898?k=31046&s=today"
"APE","APEBORG","https://coinsniper.net/coin/31899?k=31047&s=today"
"TOFU","TOFU NFT","https://coinsniper.net/coin/31900?k=31048&s=today"
"MONOPOLY","MONOPOLY NFT","https://coinsniper.net/coin/31901?k=31049&s=today"
"BORED","NFT BORED","https://coinsniper.net/coin/31902?k=31050&s=today"