"listing-symbol","listing-name","Links"
"404","404ERROR","https://coinsniper.net/coin/55229?k=51801&s=today"
"KABOSU","KABOSU","https://coinsniper.net/coin/55230?k=51802&s=today"
"XOSI","XosiCoin","https://coinsniper.net/coin/55231?k=51803&s=today"
"SAFEREUM2.0","Safereum2.0","https://coinsniper.net/coin/55232?k=51804&s=today"
"RAFFLE","BNBRaffle.com","https://coinsniper.net/coin/55233?k=51805&s=today"
"7","Lucky 7","https://coinsniper.net/coin/55234?k=51806&s=today"
"WOSHI","Woshi World","https://coinsniper.net/coin/55235?k=51807&s=today"
"BLOCK","BlockBiz","https://coinsniper.net/coin/55236?k=51808&s=today"
"TSM","The  Snake Money","https://coinsniper.net/coin/55237?k=51809&s=today"
"PUCCA","Pucca","https://coinsniper.net/coin/55238?k=51810&s=today"
"AINX2","NexusAI","https://coinsniper.net/coin/55239?k=51811&s=today"
"AVO","The Avocado Token","https://coinsniper.net/coin/55240?k=51812&s=today"
"GSR","Ghost Rider","https://coinsniper.net/coin/55241?k=51813&s=today"
"ARH","Archery","https://coinsniper.net/coin/55242?k=51814&s=today"
"HC","HornetCalls","https://coinsniper.net/coin/55243?k=51815&s=today"
"CHR","8 Chronicles","https://coinsniper.net/coin/55245?k=51816&s=today"
"BLADES","Crypto Blades","https://coinsniper.net/coin/55250?k=51817&s=today"
"MEFU","memfusioncn","https://coinsniper.net/coin/55251?k=51818&s=today"
"ETF","Financiamento ETF","https://coinsniper.net/coin/55253?k=51819&s=today"
"US (INTERNETDOGE)","US (InternetDoge)","https://coinsniper.net/coin/55254?k=51820&s=today"
"SLT","BNB SLOTH","https://coinsniper.net/coin/55255?k=51821&s=today"
"SHIBL","SHIBA BLADE","https://coinsniper.net/coin/55256?k=51822&s=today"
"MONKEYS","Tails from the list","https://coinsniper.net/coin/55257?k=51823&s=today"
"GDC","GodCoin","https://coinsniper.net/coin/55258?k=51824&s=today"
"GFX","FACTORY X","https://coinsniper.net/coin/55259?k=51825&s=today"
"MSQ","Mosqui","https://coinsniper.net/coin/55260?k=51826&s=today"
"EARN","HOLD","https://coinsniper.net/coin/55261?k=51827&s=today"
"WPEPE","WALL STREET PEPE","https://coinsniper.net/coin/55262?k=51828&s=today"
"BABYLISA","Baby Mona Token","https://coinsniper.net/coin/55263?k=51829&s=today"
"RISE","Ever Rise","https://coinsniper.net/coin/55264?k=51830&s=today"
"JPWL","JayPowell AI","https://coinsniper.net/coin/55265?k=51831&s=today"
"OLP","Old Pepe","https://coinsniper.net/coin/55266?k=51832&s=today"
"FF","Fruit Funds","https://coinsniper.net/coin/55267?k=51833&s=today"
"RAT","Moon Rat","https://coinsniper.net/coin/55269?k=51834&s=today"
"REKTEREUM","REKTEREUM","https://coinsniper.net/coin/55270?k=51835&s=today"
"PEPE SQUID","Pepe Squid","https://coinsniper.net/coin/55271?k=51836&s=today"
"MELB","Minelab","https://coinsniper.net/coin/55272?k=51837&s=today"
"PBONE","PappaBONE","https://coinsniper.net/coin/55273?k=51838&s=today"
"META BOT INU","Meta bot inu","https://coinsniper.net/coin/55274?k=51839&s=today"
"BEDBUG","Bed Bugs","https://coinsniper.net/coin/55275?k=51840&s=today"
"TOADSDIGI","ToadsDigi","https://coinsniper.net/coin/55276?k=51841&s=today"
"MEK","Merkury.IT","https://coinsniper.net/coin/55277?k=51842&s=today"
"HEHE","HEHE","https://coinsniper.net/coin/55278?k=51843&s=today"
"CPR","Cipher","https://coinsniper.net/coin/55279?k=51844&s=today"
"TTLBDOGE","ttlbdoge","https://coinsniper.net/coin/55286?k=51845&s=today"
"RDMP","Redemption Finance","https://coinsniper.net/coin/55289?k=51846&s=today"
"XTB","XTheBot","https://coinsniper.net/coin/55290?k=51847&s=today"
"PPEPE","PrimordialPePe","https://coinsniper.net/coin/55291?k=51848&s=today"
"BURNT","Burnt it to zero","https://coinsniper.net/coin/55292?k=51849&s=today"
"SFRIEND","Share Friend","https://coinsniper.net/coin/55293?k=51850&s=today"