"listing-symbol","listing-name","Links"
"SNAIL","SNAIL COIN","https://coinsniper.net/coin/27431?k=26801&s=today"
"BLK","BLK ONION","https://coinsniper.net/coin/27432?k=26802&s=today"
"MTX","MetaSexToken","https://coinsniper.net/coin/27433?k=26803&s=today"
"ANGEL","Angel Token","https://coinsniper.net/coin/27434?k=26804&s=today"
"BSC4F","BSC4Future","https://coinsniper.net/coin/27435?k=26805&s=today"
"PEACEDOGE","Peace Doge","https://coinsniper.net/coin/27436?k=26806&s=today"
"RAWSON","Rawson Coin","https://coinsniper.net/coin/27437?k=26807&s=today"
"GREN","GreenLand","https://coinsniper.net/coin/27438?k=26808&s=today"
"CPNEWS","CryptoPol News","https://coinsniper.net/coin/27439?k=26809&s=today"
"JPC","Jackpot Party Casino","https://coinsniper.net/coin/27440?k=26810&s=today"
"FUCKPUTIN","Fuck Putin Token","https://coinsniper.net/coin/27441?k=26811&s=today"
"BDC","Billionaire Dog Coin","https://coinsniper.net/coin/27442?k=26812&s=today"
"SUPERFIST","SuperFist超级拳拳","https://coinsniper.net/coin/27443?k=26813&s=today"
"BLIGO","Bligo global","https://coinsniper.net/coin/27444?k=26814&s=today"
"MDR","MetaDogRacing","https://coinsniper.net/coin/27445?k=26815&s=today"
"SOFT","SOFT Cash","https://coinsniper.net/coin/27446?k=26816&s=today"
"FLOGE","FLOGE INU","https://coinsniper.net/coin/27447?k=26817&s=today"
"WFLOKI","Floki war","https://coinsniper.net/coin/27448?k=26818&s=today"
"FREEDOM","Operation Ukraine","https://coinsniper.net/coin/27449?k=26819&s=today"
"DVD","Dividend","https://coinsniper.net/coin/27450?k=26820&s=today"
"CFARM","CAKEFARM","https://coinsniper.net/coin/27451?k=26821&s=today"
"RYT","RYT Coin","https://coinsniper.net/coin/27452?k=26822&s=today"
"RUPEE","RUPEE TOKEN","https://coinsniper.net/coin/27453?k=26823&s=today"
"LCC","LuckyCatCoin","https://coinsniper.net/coin/27454?k=26824&s=today"
"X","Donation X Earnings Defi X Dao","https://coinsniper.net/coin/27455?k=26825&s=today"
"ÇÇ","Curacoins","https://coinsniper.net/coin/27456?k=26826&s=today"
"CATFUN","CATFUN","https://coinsniper.net/coin/27457?k=26827&s=today"
"CERTIFIED SHIB LOVER","ValentineShib","https://coinsniper.net/coin/27458?k=26828&s=today"
"FAKT","MEDIFAKT","https://coinsniper.net/coin/27459?k=26829&s=today"
"MONO","Monokrom Engine","https://coinsniper.net/coin/27460?k=26830&s=today"
"NFM","NFT FOOTBALL MANAGER","https://coinsniper.net/coin/27461?k=26831&s=today"
"BDCASH","BDCASH","https://coinsniper.net/coin/27462?k=26832&s=today"
"QNKO","Queen Neko","https://coinsniper.net/coin/27463?k=26833&s=today"
"MVINU","MverseInu","https://coinsniper.net/coin/27464?k=26834&s=today"
"DCINU","Diamond Cheems Inu","https://coinsniper.net/coin/27465?k=26835&s=today"
"DAFI","DAFICoin","https://coinsniper.net/coin/27466?k=26836&s=today"
"CTCO","Connector coin","https://coinsniper.net/coin/27467?k=26837&s=today"
"CHIYA","CHIYA-PROJECT","https://coinsniper.net/coin/27468?k=26838&s=today"
"CBI","Crypto Bureau of Investigation","https://coinsniper.net/coin/27469?k=26839&s=today"
"LPD/BNB","Lp 10 Dollars","https://coinsniper.net/coin/27470?k=26840&s=today"
"RAT","Rat Coin","https://coinsniper.net/coin/27471?k=26841&s=today"
"SOC","SonOfCats","https://coinsniper.net/coin/27472?k=26842&s=today"
"XOD","Xodus Finance","https://coinsniper.net/coin/27474?k=26843&s=today"
"X","donation X earnings Defi X Dao","https://coinsniper.net/coin/27475?k=26844&s=today"
"KGC","Kitty Gang Coin","https://coinsniper.net/coin/27476?k=26845&s=today"
"SHEBA","SHEBA","https://coinsniper.net/coin/27477?k=26846&s=today"
"CHIP","Chipin Inu","https://coinsniper.net/coin/27478?k=26847&s=today"
"FARMV","Farm Village","https://coinsniper.net/coin/27479?k=26848&s=today"
"MSN","Moonsale Finance","https://coinsniper.net/coin/27480?k=26849&s=today"
"(LBP","Little Black Panda","https://coinsniper.net/coin/27481?k=26850&s=today"