"listing-symbol","listing-name","Links"
"TRC","Team Rocket Coin","https://coinsniper.net/coin/28909?k=28251&s=today"
"BSHARK","Baby Shark Inu","https://coinsniper.net/coin/28910?k=28252&s=today"
"OP","Overpowered","https://coinsniper.net/coin/28911?k=28253&s=today"
"APEZZZ","Kong Inu","https://coinsniper.net/coin/28912?k=28254&s=today"
"BRD","BRD","https://coinsniper.net/coin/28913?k=28255&s=today"
"BGROOT","BabyGrootToken","https://coinsniper.net/coin/28914?k=28256&s=today"
"ORCL","Oracle Protocol","https://coinsniper.net/coin/28915?k=28257&s=today"
"DKM","Dead Knight Metaverse","https://coinsniper.net/coin/28916?k=28258&s=today"
"PALD","Palladium Finance","https://coinsniper.net/coin/28917?k=28259&s=today"
"MLW","MetaLeagueWars","https://coinsniper.net/coin/28918?k=28260&s=today"
"PC","PC","https://coinsniper.net/coin/28919?k=28261&s=today"
"BAPE","BABY APE","https://coinsniper.net/coin/28920?k=28262&s=today"
"IRENA","IRENA Green Energy Coin","https://coinsniper.net/coin/28921?k=28263&s=today"
"METASUPER","MetaSupernauts","https://coinsniper.net/coin/28922?k=28264&s=today"
"KUNGFU","KUNG FU PANDA","https://coinsniper.net/coin/28923?k=28265&s=today"
"LAPE","Lazy Ape","https://coinsniper.net/coin/28924?k=28266&s=today"
"MCN","MinoChain","https://coinsniper.net/coin/28925?k=28267&s=today"
"HSAFUU","Hyper Safuu","https://coinsniper.net/coin/28926?k=28268&s=today"
"LAIKA","Laikaverse","https://coinsniper.net/coin/28927?k=28269&s=today"
"BNA","Bana","https://coinsniper.net/coin/28928?k=28270&s=today"
"MSEX","Metasexxx","https://coinsniper.net/coin/28929?k=28271&s=today"
"AMF","Atium","https://coinsniper.net/coin/28930?k=28272&s=today"
"KILLERSHIBA","KillerShiba","https://coinsniper.net/coin/28931?k=28273&s=today"
"SAFLIB","SafuLibero","https://coinsniper.net/coin/28932?k=28274&s=today"
"DEO","Deoni","https://coinsniper.net/coin/28933?k=28275&s=today"
"DXO","DeepSpace","https://coinsniper.net/coin/28934?k=28276&s=today"
"CCHIPS","Treasury Casino","https://coinsniper.net/coin/28935?k=28277&s=today"
"PCD","PeaceDAO","https://coinsniper.net/coin/28936?k=28278&s=today"
"GARS","Great Arsenal","https://coinsniper.net/coin/28937?k=28279&s=today"
"KIMI","Kimiko Cat","https://coinsniper.net/coin/28938?k=28280&s=today"
"UZURA","Uzura","https://coinsniper.net/coin/28939?k=28281&s=today"
"PCAP","Parachain Advanced Protocol","https://coinsniper.net/coin/28940?k=28282&s=today"
"SOUNDFLIX","SOUNDFLIX","https://coinsniper.net/coin/28941?k=28283&s=today"
"SPL","Swapl Swap","https://coinsniper.net/coin/28942?k=28284&s=today"
"CIW","Cheems Inu Witcher","https://coinsniper.net/coin/28943?k=28285&s=today"
"CO2","carbon","https://coinsniper.net/coin/28944?k=28286&s=today"
"KRAID","Kingdom Raids","https://coinsniper.net/coin/28945?k=28287&s=today"
"LPT","LEPATONIA","https://coinsniper.net/coin/28946?k=28288&s=today"
"FRESHFOOLS","FreshFools","https://coinsniper.net/coin/28947?k=28289&s=today"
"MTV","MetavastInu","https://coinsniper.net/coin/28948?k=28290&s=today"
"ALCHI","Alchemytoken","https://coinsniper.net/coin/28949?k=28291&s=today"
"ALL41","ALL41","https://coinsniper.net/coin/28950?k=28292&s=today"
"MGDT","MetaGladiator","https://coinsniper.net/coin/28951?k=28293&s=today"
"HEROES","DeHero","https://coinsniper.net/coin/28952?k=28294&s=today"
"BABYCROGE","BabyCroge","https://coinsniper.net/coin/28953?k=28295&s=today"
"MAPE","MiniApe","https://coinsniper.net/coin/28954?k=28296&s=today"
"EARN","SafeEarn","https://coinsniper.net/coin/28955?k=28297&s=today"
"BAPE","Baby ApeCoin","https://coinsniper.net/coin/28956?k=28298&s=today"
"GRP","GameX Resource point","https://coinsniper.net/coin/28957?k=28299&s=today"
"SMUSK","SOLAR MUSK","https://coinsniper.net/coin/28958?k=28300&s=today"