"listing-symbol","listing-name","Links"
"TIME","MoonTime","https://coinsniper.net/coin/2308?k=10551&s=today"
"NEWO","New World Order","https://coinsniper.net/coin/2309?k=10552&s=today"
"HUAHUA","Chihuahua Coin","https://coinsniper.net/coin/2310?k=10553&s=today"
"MYōBUBSC","Myōbu BSC Official","https://coinsniper.net/coin/2311?k=10554&s=today"
"BALLS","Balls Health","https://coinsniper.net/coin/2312?k=10555&s=today"
"DOMO","Domo Inu","https://coinsniper.net/coin/2313?k=10556&s=today"
"SPSH","spaceship","https://coinsniper.net/coin/2314?k=10557&s=today"
"DSE","Dolphin Token","https://coinsniper.net/coin/2315?k=10558&s=today"
"GMW","Game Wallet","https://coinsniper.net/coin/2316?k=10559&s=today"
"MOONBNB","MoonBNB","https://coinsniper.net/coin/2317?k=10560&s=today"
"FTM","FITMIN","https://coinsniper.net/coin/2318?k=10561&s=today"
"CUMDOGKET","Cum Dogket","https://coinsniper.net/coin/2319?k=10562&s=today"
"BACONBUX","Rich Piggies","https://coinsniper.net/coin/2320?k=10563&s=today"
"JUR","JurassicFinance","https://coinsniper.net/coin/2321?k=10564&s=today"
"KAD","KAIDO","https://coinsniper.net/coin/2322?k=10565&s=today"
"BOOBROCKET","BoobRocket","https://coinsniper.net/coin/2323?k=10566&s=today"
"OCA","ORCARE","https://coinsniper.net/coin/2324?k=10567&s=today"
"SPLITC0IN","SplitC0in","https://coinsniper.net/coin/2325?k=10568&s=today"
"KW","KingWolf","https://coinsniper.net/coin/2326?k=10569&s=today"
"PUMPSHIBA","Pump Shiba","https://coinsniper.net/coin/2327?k=10570&s=today"
"BTF","BTFDEX","https://coinsniper.net/coin/2328?k=10571&s=today"
"MKOALA","MKOALA","https://coinsniper.net/coin/2329?k=10572&s=today"
"INUPOOP","INUPOOP","https://coinsniper.net/coin/2330?k=10573&s=today"
"RS","RaiseShiba","https://coinsniper.net/coin/2331?k=10574&s=today"
"NFTBOX","NFTBOX.fun","https://coinsniper.net/coin/2332?k=10575&s=today"
"BREAST","SAFE BREAST INU","https://coinsniper.net/coin/2333?k=10576&s=today"
"CRESUS","CresusCoin","https://coinsniper.net/coin/2334?k=10577&s=today"
"SF","SmokedFishBSC","https://coinsniper.net/coin/2335?k=10578&s=today"
"PWOOF","PolyWoof","https://coinsniper.net/coin/2336?k=10579&s=today"
"H41","Hold4One","https://coinsniper.net/coin/2337?k=10580&s=today"
"CTN","Cruxton","https://coinsniper.net/coin/2338?k=10581&s=today"
"DADDY","Daddy's NFT's","https://coinsniper.net/coin/2339?k=10582&s=today"
"MOONTRAIN","Moon Train","https://coinsniper.net/coin/2340?k=10583&s=today"
"PACE","SpaceDogeDollar","https://coinsniper.net/coin/2341?k=10584&s=today"
"TREEB","TreeBeard","https://coinsniper.net/coin/2342?k=10585&s=today"
"MAMI","MoonAMI","https://coinsniper.net/coin/2343?k=10586&s=today"
"NGHTYM","NaughtyMoon","https://coinsniper.net/coin/2344?k=10587&s=today"
"RVELVET","REDVELVET","https://coinsniper.net/coin/2345?k=10588&s=today"
"SBURN","SpaceBurn","https://coinsniper.net/coin/2346?k=10589&s=today"
"MGN","Magna Carta","https://coinsniper.net/coin/2347?k=10590&s=today"
"XLIUM","Xelium Technology","https://coinsniper.net/coin/2348?k=10591&s=today"
"STORY","STORY","https://coinsniper.net/coin/2349?k=10592&s=today"
"FWATCH","Foliowatch","https://coinsniper.net/coin/2350?k=10593&s=today"
"GHSHIB","GHOST SHIBA","https://coinsniper.net/coin/2351?k=10594&s=today"
"BAM","Baby Ape Moon","https://coinsniper.net/coin/2352?k=10595&s=today"
"BATTLE","Battle","https://coinsniper.net/coin/2353?k=10596&s=today"
"SHIBABERRY","ShibaBerry","https://coinsniper.net/coin/2354?k=10597&s=today"
"BAFI","BAFI FINANCE","https://coinsniper.net/coin/2355?k=10598&s=today"
"DEFIY","DeFiFarms","https://coinsniper.net/coin/2356?k=10599&s=today"
"TVL","TravelCake","https://coinsniper.net/coin/2357?k=10600&s=today"