"listing-symbol","listing-name","Links"
"VF","Viking Floki","https://coinsniper.net/coin/19518?k=2751&s=today"
"CMS","Coinmarketstore Token","https://coinsniper.net/coin/19519?k=2752&s=today"
"SWEETDOGE","SweetDogeToken","https://coinsniper.net/coin/19520?k=2753&s=today"
"MDG","MegaDog","https://coinsniper.net/coin/19521?k=2754&s=today"
"FNTS","FLOKI NFTs","https://coinsniper.net/coin/19522?k=2755&s=today"
"SQUID","Squid Game","https://coinsniper.net/coin/19523?k=2756&s=today"
"SHIEKS","ShiekahInu","https://coinsniper.net/coin/19524?k=2757&s=today"
"CASH","Captain Shiba","https://coinsniper.net/coin/19525?k=2758&s=today"
"KOMA","King KomaInu","https://coinsniper.net/coin/19526?k=2759&s=today"
"SQUIDFREE","SquidFree","https://coinsniper.net/coin/19527?k=2760&s=today"
"POM","PomPom","https://coinsniper.net/coin/19528?k=2761&s=today"
"NINJA","NinjaShiba","https://coinsniper.net/coin/19530?k=2762&s=today"
"METASFM","MetaSafeMoon","https://coinsniper.net/coin/19531?k=2763&s=today"
"MAMAFLOKI","MamaFloki","https://coinsniper.net/coin/19532?k=2764&s=today"
"RITSU","RITSUKO INU","https://coinsniper.net/coin/19533?k=2765&s=today"
"HOHO","SantaBTC","https://coinsniper.net/coin/19534?k=2766&s=today"
"CRYPTOGRAM","Cryptogram","https://coinsniper.net/coin/19535?k=2767&s=today"
"KARA","KaraStar","https://coinsniper.net/coin/19536?k=2768&s=today"
"DSTY","ShibaDestroyer","https://coinsniper.net/coin/19539?k=2769&s=today"
"WALL","WallMarkets","https://coinsniper.net/coin/19540?k=2770&s=today"
"SHIBURN","SHIBA BURN","https://coinsniper.net/coin/19541?k=2771&s=today"
"DWAKANDA","DogeWakanda","https://coinsniper.net/coin/19542?k=2772&s=today"
"BEER","Beer Inu","https://coinsniper.net/coin/19543?k=2773&s=today"
"GFINU","GarfieldInu","https://coinsniper.net/coin/19544?k=2774&s=today"
"METAPIT","Meta Pitbull","https://coinsniper.net/coin/19545?k=2775&s=today"
"RYL","King","https://coinsniper.net/coin/19546?k=2776&s=today"
"WSHIB","WILD SHIBA","https://coinsniper.net/coin/19547?k=2777&s=today"
"WWMC","Worldwide Medical Coin","https://coinsniper.net/coin/19548?k=2778&s=today"
"SIM","Sugoi Inu Metaverse","https://coinsniper.net/coin/19549?k=2779&s=today"
"WESTY","Westie Doge","https://coinsniper.net/coin/19550?k=2780&s=today"
"SQUIDKISHU","SQUIDKISHU","https://coinsniper.net/coin/19551?k=2781&s=today"
"CLEANSEAS","CleanSeas","https://coinsniper.net/coin/19552?k=2782&s=today"
"CLEANSEAS","CleanSeasCoin","https://coinsniper.net/coin/19553?k=2783&s=today"
"UNICAT","UniCat Token","https://coinsniper.net/coin/19554?k=2784&s=today"
"SHIBEFFECT","SHIBA Effect","https://coinsniper.net/coin/19555?k=2785&s=today"
"SHIBELON","SHIBELON","https://coinsniper.net/coin/19556?k=2786&s=today"
"GRAIL","GrailPad","https://coinsniper.net/coin/19557?k=2787&s=today"
"DINOPODS","Airpodzilla","https://coinsniper.net/coin/19558?k=2788&s=today"
"BBI","BEAST BOY INU","https://coinsniper.net/coin/19560?k=2789&s=today"
"KTC","KittyCat","https://coinsniper.net/coin/19561?k=2790&s=today"
"RYUK","Ryukyu Inu","https://coinsniper.net/coin/19562?k=2791&s=today"
"KORE","フリーダム","https://coinsniper.net/coin/19563?k=2792&s=today"
"SHIKO","Shiba Kong","https://coinsniper.net/coin/19564?k=2793&s=today"
"DXTA","Dextera","https://coinsniper.net/coin/19565?k=2794&s=today"
"APE","APE","https://coinsniper.net/coin/19566?k=2795&s=today"
"RICHBABYBULL","RichBabyBull","https://coinsniper.net/coin/19567?k=2796&s=today"
"GAMINGSHIBA","GamingShiba","https://coinsniper.net/coin/19568?k=2797&s=today"
"TTMETAVERSE","Twitter Metaverse","https://coinsniper.net/coin/19569?k=2798&s=today"
"TNCAT","Nefertiti Cat","https://coinsniper.net/coin/19570?k=2799&s=today"
"TENDIES","NEET BUCKS","https://coinsniper.net/coin/19571?k=2800&s=today"