"listing-symbol","listing-name","Links"
"GCR","Guardian of the Crypto Realm","https://coinsniper.net/coin/50650?k=39401&s=today"
"SHIBEE","SHIBEE","https://coinsniper.net/coin/50651?k=39402&s=today"
"BONK2.0","Bonk Inu 2.0","https://coinsniper.net/coin/50653?k=39403&s=today"
"BOB2.0","BOB 2.0","https://coinsniper.net/coin/50654?k=39404&s=today"
"TRC","TIREDCOIN","https://coinsniper.net/coin/50655?k=39405&s=today"
"PIXIE","Pixie","https://coinsniper.net/coin/50656?k=39406&s=today"
"DONUT","DONUT","https://coinsniper.net/coin/50657?k=39407&s=today"
"ZEUS","ZEUS","https://coinsniper.net/coin/50658?k=39408&s=today"
"CN INTERNETDOGE","CN InternetDoge","https://coinsniper.net/coin/50660?k=39409&s=today"
"TMNT","Turtles AI","https://coinsniper.net/coin/50661?k=39410&s=today"
"PEPEBURN2","PEPEBURN 2.0","https://coinsniper.net/coin/50662?k=39411&s=today"
"PEPE PENNNNNIS","Pepe pennnnis","https://coinsniper.net/coin/50664?k=39412&s=today"
"TAZ","TAZMANIAN DEVIL","https://coinsniper.net/coin/50665?k=39413&s=today"
"ZOLA","Zola","https://coinsniper.net/coin/50666?k=39414&s=today"
"POV20","POV 2.0","https://coinsniper.net/coin/50667?k=39415&s=today"
"ENRAGED","ENRAGED","https://coinsniper.net/coin/50668?k=39416&s=today"
"MYNU","MONOPOLYNU","https://coinsniper.net/coin/50669?k=39417&s=today"
"DMA","DeMarket","https://coinsniper.net/coin/50670?k=39418&s=today"
"AZUKI2.0","AZUKI 2.0","https://coinsniper.net/coin/50671?k=39419&s=today"
"ELONMMA","Elon MMA Token","https://coinsniper.net/coin/50672?k=39420&s=today"
"PIXIE","Pixie Token","https://coinsniper.net/coin/50673?k=39421&s=today"
"BUBU","BUBU and DUDU","https://coinsniper.net/coin/50674?k=39422&s=today"
"BORJAS","BORJAS","https://coinsniper.net/coin/50677?k=39423&s=today"
"PUNK","PunkGold","https://coinsniper.net/coin/50678?k=39424&s=today"
"HERB","Herb","https://coinsniper.net/coin/50679?k=39425&s=today"
"CAT.AI","Cat Ai","https://coinsniper.net/coin/50680?k=39426&s=today"
"PEVI","PEPE VITALIK","https://coinsniper.net/coin/50681?k=39427&s=today"
"FLO","FloshinX","https://coinsniper.net/coin/50682?k=39428&s=today"
"ZOE","ZOE BNB","https://coinsniper.net/coin/50683?k=39429&s=today"
"PLST","Pulse Train","https://coinsniper.net/coin/50684?k=39430&s=today"
"SQMON","Squirtle Pokemon","https://coinsniper.net/coin/50685?k=39431&s=today"
"PIPPI","Pippi LongStocking","https://coinsniper.net/coin/50686?k=39432&s=today"
"MONG2.0","Mongoose 2.0","https://coinsniper.net/coin/50687?k=39433&s=today"
"G01","Galactic01","https://coinsniper.net/coin/50688?k=39434&s=today"
"RAPTORGROW","RaptorGrow","https://coinsniper.net/coin/50689?k=39435&s=today"
"RENY","Reny Token","https://coinsniper.net/coin/50691?k=39436&s=today"
"AIV","AIVOX Network","https://coinsniper.net/coin/50692?k=39437&s=today"
"DPEPE","Dancing Pepe","https://coinsniper.net/coin/50693?k=39438&s=today"
"TCC","ThunderCats Coin","https://coinsniper.net/coin/50694?k=39439&s=today"
"X-CHAIN","X-Chain Network","https://coinsniper.net/coin/50695?k=39440&s=today"
"CK","Capybara KeK","https://coinsniper.net/coin/50696?k=39441&s=today"
"ZFLOKI","ZR FLOKI","https://coinsniper.net/coin/50697?k=39442&s=today"
"DOGETH","Dogeth","https://coinsniper.net/coin/50699?k=39443&s=today"
"SHIB2.0","Shib2.0","https://coinsniper.net/coin/50700?k=39444&s=today"
"PSYOP 2.0","PSYOP 2.0","https://coinsniper.net/coin/50701?k=39445&s=today"
"HOPSCOTCH","Mister Hopscotch","https://coinsniper.net/coin/50702?k=39446&s=today"
"PEPEPINK","PEPE PINK","https://coinsniper.net/coin/50703?k=39447&s=today"
"EBTC","ELONBTC","https://coinsniper.net/coin/50704?k=39448&s=today"
"BEEPBEEEP","Wile E. Coyote","https://coinsniper.net/coin/50705?k=39449&s=today"
"PEPE5","PEPE 5.0","https://coinsniper.net/coin/50707?k=39450&s=today"