"listing-symbol","listing-name","Links"
"CUTESANTA","Cute Santa","https://coinsniper.net/coin/20392?k=3601&s=today"
"USHI","USHI Token","https://coinsniper.net/coin/20393?k=3602&s=today"
"MOONRAIDER","MoonRaider","https://coinsniper.net/coin/20394?k=3603&s=today"
"DSG","DeadlySquidGame","https://coinsniper.net/coin/20395?k=3604&s=today"
"ALADDIN","Aladdin","https://coinsniper.net/coin/20396?k=3605&s=today"
"FLISHU","FloKishu","https://coinsniper.net/coin/20397?k=3606&s=today"
"MLION","MightyLionToken","https://coinsniper.net/coin/20398?k=3607&s=today"
"MVG","Metaverse Gaming","https://coinsniper.net/coin/20399?k=3608&s=today"
"SW","SafeWin","https://coinsniper.net/coin/20400?k=3609&s=today"
"LIONS","Lannister Gold","https://coinsniper.net/coin/20401?k=3610&s=today"
"BMM","Baby Millionare Maker","https://coinsniper.net/coin/20402?k=3611&s=today"
"SQFLOKI","Squid floki","https://coinsniper.net/coin/20403?k=3612&s=today"
"FIJ","Floki Inu Junior","https://coinsniper.net/coin/20404?k=3613&s=today"
"NOBF","Nobo Finance","https://coinsniper.net/coin/20405?k=3614&s=today"
"SWN","Solwin","https://coinsniper.net/coin/20406?k=3615&s=today"
"BITE","BITE-ME NFT FACTORY","https://coinsniper.net/coin/20407?k=3616&s=today"
"CDG","Cardano Gold","https://coinsniper.net/coin/20408?k=3617&s=today"
"DPTF","Degen Pepe","https://coinsniper.net/coin/20409?k=3618&s=today"
"COBRAKAI","Cobra Kai","https://coinsniper.net/coin/20410?k=3619&s=today"
"MIT","Mice inu","https://coinsniper.net/coin/20411?k=3620&s=today"
"MN","MetaNike","https://coinsniper.net/coin/20412?k=3621&s=today"
"SHIBACHI","SHIBACHINA","https://coinsniper.net/coin/20413?k=3622&s=today"
"MTRX","MatrixRebond","https://coinsniper.net/coin/20414?k=3623&s=today"
"AMW","Avatar Meta World","https://coinsniper.net/coin/20415?k=3624&s=today"
"BULLBONE","BullBone","https://coinsniper.net/coin/20416?k=3625&s=today"
"TERMINU","Terminator Inu","https://coinsniper.net/coin/20417?k=3626&s=today"
"ZILLASHIB","zilla Shib lnu","https://coinsniper.net/coin/20418?k=3627&s=today"
"TWERK","Bootyswap","https://coinsniper.net/coin/20419?k=3628&s=today"
"BDOGE","BillionaireDoge","https://coinsniper.net/coin/20420?k=3629&s=today"
"CLE","CRYTPO LODGE COIN","https://coinsniper.net/coin/20421?k=3630&s=today"
"ETKIBA","Eternal Kiba Inu","https://coinsniper.net/coin/20422?k=3631&s=today"
"MST","Mysterious","https://coinsniper.net/coin/20423?k=3632&s=today"
"FLOKICOKE","FlokiCoke","https://coinsniper.net/coin/20424?k=3633&s=today"
"RUFFY","Ruffy Coin","https://coinsniper.net/coin/20426?k=3634&s=today"
"MSG","MetaSantaGirl","https://coinsniper.net/coin/20427?k=3635&s=today"
"HDC","Highdogecoin","https://coinsniper.net/coin/20428?k=3636&s=today"
"BACA","BabyoCaca","https://coinsniper.net/coin/20429?k=3637&s=today"
"AVATAR","AvatarGaming","https://coinsniper.net/coin/20430?k=3638&s=today"
"ISHIB","Influencer Shiba Token","https://coinsniper.net/coin/20431?k=3639&s=today"
"OBO","OnlyBonks","https://coinsniper.net/coin/20432?k=3640&s=today"
"CAESAR","F*ckCaesar","https://coinsniper.net/coin/20433?k=3641&s=today"
"ABK","Ahebbik token","https://coinsniper.net/coin/20434?k=3642&s=today"
"SXM","Space X Metaverse","https://coinsniper.net/coin/20435?k=3643&s=today"
"BANASTRO","BANASTRO","https://coinsniper.net/coin/20436?k=3644&s=today"
"PORI","PoriLand","https://coinsniper.net/coin/20437?k=3645&s=today"
"WOLF","WOLF inu","https://coinsniper.net/coin/20438?k=3646&s=today"
"BMCC","Binance Multi-Chain Capital","https://coinsniper.net/coin/20439?k=3647&s=today"
"SPAN","Spaniel","https://coinsniper.net/coin/20440?k=3648&s=today"
"OMICRONM","OmicronMoon","https://coinsniper.net/coin/20441?k=3649&s=today"
"ROOMS","ShibaRoom","https://coinsniper.net/coin/20442?k=3650&s=today"