"listing-symbol","listing-name","Links"
"MINDA","Minda Token","https://coinsniper.net/coin/29009?k=28351&s=today"
"PSG","Punksnguns","https://coinsniper.net/coin/29010?k=28352&s=today"
"HEX","HexRig","https://coinsniper.net/coin/29011?k=28353&s=today"
"ANGRYBIRDS","Angry Birds coin","https://coinsniper.net/coin/29012?k=28354&s=today"
"APETHEREUM","Apethereum","https://coinsniper.net/coin/29013?k=28355&s=today"
"FLOKISUPER","FLOKI SUPER SAIYAN","https://coinsniper.net/coin/29014?k=28356&s=today"
"EWAR","Epic War","https://coinsniper.net/coin/29015?k=28357&s=today"
"BOBZ","BOBZcoin","https://coinsniper.net/coin/29016?k=28358&s=today"
"LOTM","Lottery Mouse","https://coinsniper.net/coin/29017?k=28359&s=today"
"GBDOGE","GREEN BABYDOGE","https://coinsniper.net/coin/29018?k=28360&s=today"
"HUFT","Husky Father","https://coinsniper.net/coin/29019?k=28361&s=today"
"MBSHARK","META BABYSHARK","https://coinsniper.net/coin/29020?k=28362&s=today"
"SWT","Sweetpad","https://coinsniper.net/coin/29021?k=28363&s=today"
"BUZZ","BUZZ LIGHT YEAR","https://coinsniper.net/coin/29022?k=28364&s=today"
"DEC","Digital Energy Currency","https://coinsniper.net/coin/29023?k=28365&s=today"
"PEP","People Portraits","https://coinsniper.net/coin/29024?k=28366&s=today"
"DLF","DELFINO FINANCE","https://coinsniper.net/coin/29025?k=28367&s=today"
"BONUZ","Bonuz","https://coinsniper.net/coin/29027?k=28368&s=today"
"ADS","Adshares","https://coinsniper.net/coin/29028?k=28369&s=today"
"MYG","MYGCoin","https://coinsniper.net/coin/29029?k=28370&s=today"
"NET","Sky Planet","https://coinsniper.net/coin/29030?k=28371&s=today"
"DJR","DOGE JUNIOR","https://coinsniper.net/coin/29031?k=28372&s=today"
"MINIAPE","Mini Ape Coin - DeFi 3.0","https://coinsniper.net/coin/29032?k=28373&s=today"
"ARTK","Artik Finance","https://coinsniper.net/coin/29033?k=28374&s=today"
"GHOST","Ghost Protocol","https://coinsniper.net/coin/29034?k=28375&s=today"
"UCRO","UtilityCro","https://coinsniper.net/coin/29035?k=28376&s=today"
"LMNTS","Four Elements","https://coinsniper.net/coin/29036?k=28377&s=today"
"ONP","One Piece Fantasy","https://coinsniper.net/coin/29037?k=28378&s=today"
"TNN","TNN tokens","https://coinsniper.net/coin/29038?k=28379&s=today"
"HEDGE","Hedgehog Finance","https://coinsniper.net/coin/29039?k=28380&s=today"
"DAOC","DAO Calls","https://coinsniper.net/coin/29040?k=28381&s=today"
"ARISTOCAT","Aristocat","https://coinsniper.net/coin/29041?k=28382&s=today"
"NOBLE","NoblePad","https://coinsniper.net/coin/29042?k=28383&s=today"
"MDC","MyDeFiCat","https://coinsniper.net/coin/29043?k=28384&s=today"
"RUSH","Rush Technology","https://coinsniper.net/coin/29044?k=28385&s=today"
"VST","VentiSwap","https://coinsniper.net/coin/29045?k=28386&s=today"
"ULTRASFM","UltraSafeMoon","https://coinsniper.net/coin/29046?k=28387&s=today"
"YOUR","YOUR","https://coinsniper.net/coin/29047?k=28388&s=today"
"RUM","RumIsles","https://coinsniper.net/coin/29049?k=28389&s=today"
"MRT","MotorsportRacingToken","https://coinsniper.net/coin/29050?k=28390&s=today"
"BNBCAT","BinanceCat","https://coinsniper.net/coin/29051?k=28391&s=today"
"CHT","Chunk Token","https://coinsniper.net/coin/29052?k=28392&s=today"
"BBQ","BabyQuantic","https://coinsniper.net/coin/29053?k=28393&s=today"
"APE8BIT","APE8BIT","https://coinsniper.net/coin/29054?k=28394&s=today"
"G5T","Gear 5 Token","https://coinsniper.net/coin/29055?k=28395&s=today"
"EM","EverMeta","https://coinsniper.net/coin/29056?k=28396&s=today"
"FLDOGE","Floki Doge","https://coinsniper.net/coin/29057?k=28397&s=today"
"MWRX","Mini Wazirx","https://coinsniper.net/coin/29058?k=28398&s=today"
"LSWAP","LoopSwap","https://coinsniper.net/coin/29059?k=28399&s=today"
"SHIELD","TOKEN SHIELD","https://coinsniper.net/coin/29060?k=28400&s=today"