"listing-symbol","listing-name","Links"
"MG","Metagold","https://coinsniper.net/coin/41301?k=22551&s=today"
"VINU","VERIFY INU","https://coinsniper.net/coin/41302?k=22552&s=today"
"GOLDSHIB","Golden Shiba","https://coinsniper.net/coin/41303?k=22553&s=today"
"BTV","Bitovia","https://coinsniper.net/coin/41304?k=22554&s=today"
"8MOON","$8Moon","https://coinsniper.net/coin/41305?k=22555&s=today"
"TBP08","The Bulls Pad08","https://coinsniper.net/coin/41306?k=22556&s=today"
"YE2024","YE2024","https://coinsniper.net/coin/41307?k=22557&s=today"
"PATRONAGE","PATRONAGE","https://coinsniper.net/coin/41308?k=22558&s=today"
"SHG","Shiba Galaxy","https://coinsniper.net/coin/41310?k=22559&s=today"
"TNC","THE NEXT WORLD COIN","https://coinsniper.net/coin/41311?k=22560&s=today"
"WCG","World Cup Gems","https://coinsniper.net/coin/41312?k=22561&s=today"
"TOGE","Tori Doge","https://coinsniper.net/coin/41313?k=22562&s=today"
"ETC","ETCHAIN","https://coinsniper.net/coin/41314?k=22563&s=today"
"TRF","TR Finance","https://coinsniper.net/coin/41315?k=22564&s=today"
"MCT","MetaCapsules","https://coinsniper.net/coin/41317?k=22565&s=today"
"POPE","EtherPope","https://coinsniper.net/coin/41318?k=22566&s=today"
"TVM","Time Value of Money","https://coinsniper.net/coin/41319?k=22567&s=today"
"TOPG","TateCoin ASA","https://coinsniper.net/coin/41320?k=22568&s=today"
"NITRO","NITRO","https://coinsniper.net/coin/41321?k=22569&s=today"
"YOLO","YoloYolo","https://coinsniper.net/coin/41323?k=22570&s=today"
"MASK1","Mask Network Token","https://coinsniper.net/coin/41324?k=22571&s=today"
"SHIB","SHIB$","https://coinsniper.net/coin/41325?k=22572&s=today"
"RARI1","Rarible","https://coinsniper.net/coin/41326?k=22573&s=today"
"ZI","ZICOIN","https://coinsniper.net/coin/41327?k=22574&s=today"
"INFINITY","Infinity Protocol","https://coinsniper.net/coin/41328?k=22575&s=today"
"KUG","KUGSHA INU","https://coinsniper.net/coin/41329?k=22576&s=today"
"UPCG","UpcomingsDAO","https://coinsniper.net/coin/41330?k=22577&s=today"
"DC","DOGECAT","https://coinsniper.net/coin/41331?k=22578&s=today"
"GRAT","Gratitude Token","https://coinsniper.net/coin/41332?k=22579&s=today"
"SANTA","Santa Inu","https://coinsniper.net/coin/41333?k=22580&s=today"
"TDRIVE","Twitter Drive","https://coinsniper.net/coin/41334?k=22581&s=today"
"BCI","Bitcoinum INU","https://coinsniper.net/coin/41335?k=22582&s=today"
"GEM","GemJuggler","https://coinsniper.net/coin/41336?k=22583&s=today"
"KINDERINU","Kinder Inu","https://coinsniper.net/coin/41337?k=22584&s=today"
"TBP09","The Bulls Pad09","https://coinsniper.net/coin/41338?k=22585&s=today"
"JATO","Rocketize","https://coinsniper.net/coin/41339?k=22586&s=today"
"GRISE","Gala Rise","https://coinsniper.net/coin/41340?k=22587&s=today"
"CYC","Cyclic","https://coinsniper.net/coin/41341?k=22588&s=today"
"ETRNTY","Eternity Protocol","https://coinsniper.net/coin/41342?k=22589&s=today"
"DECO","DECORATIVE","https://coinsniper.net/coin/41343?k=22590&s=today"
"SPEX","SPECIEX","https://coinsniper.net/coin/41344?k=22591&s=today"
"GALARISK","GalaRisk","https://coinsniper.net/coin/41345?k=22592&s=today"
"BABYRISK","BabyRISK","https://coinsniper.net/coin/41346?k=22593&s=today"
"DDC","Token Dragoon Dungeon Coin","https://coinsniper.net/coin/41347?k=22594&s=today"
"MAFA","Mafagafo","https://coinsniper.net/coin/41348?k=22595&s=today"
"CNX","Connext Network","https://coinsniper.net/coin/41349?k=22596&s=today"
"VISION","VISION BSC","https://coinsniper.net/coin/41350?k=22597&s=today"
"SHAMA","ShamaInu","https://coinsniper.net/coin/41352?k=22598&s=today"
"CDC","Mannacoin","https://coinsniper.net/coin/41353?k=22599&s=today"
"BFF","BestFrens","https://coinsniper.net/coin/41354?k=22600&s=today"