"listing-symbol","listing-name","Links"
"DOG HOUSE","Dog House","https://coinsniper.net/coin/29932?k=29251&s=today"
"USHIBA","American Shiba","https://coinsniper.net/coin/29933?k=29252&s=today"
"CORX","Corcox","https://coinsniper.net/coin/29934?k=29253&s=today"
"SLB","Solberg","https://coinsniper.net/coin/29935?k=29254&s=today"
"HERMIA","METAHERMIA","https://coinsniper.net/coin/29936?k=29255&s=today"
"APEJR","ApeCoin Jr","https://coinsniper.net/coin/29937?k=29256&s=today"
"LCB","LovecatBsc","https://coinsniper.net/coin/29938?k=29257&s=today"
"CHMB","Chumbi Valley","https://coinsniper.net/coin/29939?k=29258&s=today"
"BONES","Mr. Bone - NFT","https://coinsniper.net/coin/29940?k=29259&s=today"
"EPR","Eprotocol","https://coinsniper.net/coin/29941?k=29260&s=today"
"AFS","Awfos","https://coinsniper.net/coin/29942?k=29261&s=today"
"RACAI","Raca INU","https://coinsniper.net/coin/29943?k=29262&s=today"
"BBMK","BabyMika","https://coinsniper.net/coin/29944?k=29263&s=today"
"SLR","Salare Pay","https://coinsniper.net/coin/29945?k=29264&s=today"
"BMX","BMX Token","https://coinsniper.net/coin/29946?k=29265&s=today"
"MTS","MetaShark","https://coinsniper.net/coin/29947?k=29266&s=today"
"MDOG","Machinedog.com Coin","https://coinsniper.net/coin/29948?k=29267&s=today"
"METADAO2.0","Metaverse-DAO","https://coinsniper.net/coin/29949?k=29268&s=today"
"REAV","REAVERSE","https://coinsniper.net/coin/29950?k=29269&s=today"
"CBOMBER","CBomber","https://coinsniper.net/coin/29951?k=29270&s=today"
"QBX","Quitbox","https://coinsniper.net/coin/29952?k=29271&s=today"
"LAEEB","LAEEB INU","https://coinsniper.net/coin/29953?k=29272&s=today"
"ESCAPE","Ape Escape","https://coinsniper.net/coin/29954?k=29273&s=today"
"CC","Credit Cleaner","https://coinsniper.net/coin/29955?k=29274&s=today"
"VIK","VikTama","https://coinsniper.net/coin/29956?k=29275&s=today"
"BDKING","BullDogKing","https://coinsniper.net/coin/29957?k=29276&s=today"
"ASTROCAT","AstroCat","https://coinsniper.net/coin/29958?k=29277&s=today"
"GG","GAMERY","https://coinsniper.net/coin/29959?k=29278&s=today"
"SUS","SustainableRewards","https://coinsniper.net/coin/29960?k=29279&s=today"
"PUNKDOGE","PunkDoge","https://coinsniper.net/coin/29961?k=29280&s=today"
"PTC","PotterCoin","https://coinsniper.net/coin/29962?k=29281&s=today"
"UNIA","Universia","https://coinsniper.net/coin/29963?k=29282&s=today"
"SPHYNX","Sphynx Labs","https://coinsniper.net/coin/29964?k=29283&s=today"
"BABYM","BabyMatic","https://coinsniper.net/coin/29965?k=29284&s=today"
"ZNG","Meta Zengan","https://coinsniper.net/coin/29966?k=29285&s=today"
"ZFM","ZERO FUD MILK","https://coinsniper.net/coin/29967?k=29286&s=today"
"CHUCKINU","Chucky Inu","https://coinsniper.net/coin/29968?k=29287&s=today"
"BOOLISH","Boolish","https://coinsniper.net/coin/29969?k=29288&s=today"
"KAIDOR","Kaido Reborn","https://coinsniper.net/coin/29970?k=29289&s=today"
"VOY","CoinVoy","https://coinsniper.net/coin/29971?k=29290&s=today"
"METAPOOL","MetaPool","https://coinsniper.net/coin/29972?k=29291&s=today"
"55CTOKEN","55CENT","https://coinsniper.net/coin/29973?k=29292&s=today"
"MAPE","Money Ape","https://coinsniper.net/coin/29974?k=29293&s=today"
"APXF","Apex Finance","https://coinsniper.net/coin/29975?k=29294&s=today"
"CFO","CATFORCE","https://coinsniper.net/coin/29976?k=29295&s=today"
"ECAKE","EtherCake","https://coinsniper.net/coin/29977?k=29296&s=today"
"CHUNKY","Kitto Katsu XL","https://coinsniper.net/coin/29978?k=29297&s=today"
"PUNKS","CryptoPunks","https://coinsniper.net/coin/29979?k=29298&s=today"
"WMT","World Metaverse Token","https://coinsniper.net/coin/29980?k=29299&s=today"
"F2E","Free To Earn","https://coinsniper.net/coin/29981?k=29300&s=today"