"listing-symbol","listing-name","Links"
"SHBI","ShibaNFT.ai","https://coinsniper.net/coin/45157?k=34251&s=today"
"OCZ","Optimus CZ","https://coinsniper.net/coin/45158?k=34252&s=today"
"FTR","Futurier Coin","https://coinsniper.net/coin/45159?k=34253&s=today"
"SHIBBY","Shiba Boys","https://coinsniper.net/coin/45160?k=34254&s=today"
"LHINU","Love Hate Inu","https://coinsniper.net/coin/45161?k=34255&s=today"
"MYSTERY?","Mystery Launch?","https://coinsniper.net/coin/45162?k=34256&s=today"
"MYSTERY LAUNCH","🤝Mystery Launch👀","https://coinsniper.net/coin/45163?k=34257&s=today"
"BABYWKC","BABYWKC","https://coinsniper.net/coin/45165?k=34258&s=today"
"RDC","Roll Dice Ecosystem","https://coinsniper.net/coin/45166?k=34259&s=today"
"GDG","GOLD DOGE GROW","https://coinsniper.net/coin/45167?k=34260&s=today"
"APY","APY","https://coinsniper.net/coin/45168?k=34261&s=today"
"CMOOON","CashMoon","https://coinsniper.net/coin/45169?k=34262&s=today"
"SATAI","Satoshi AI","https://coinsniper.net/coin/45170?k=34263&s=today"
"GNC","Greenercoin","https://coinsniper.net/coin/45171?k=34264&s=today"
"ICON","inconel network","https://coinsniper.net/coin/45172?k=34265&s=today"
"CHAIRMAN","Floki Chairman","https://coinsniper.net/coin/45173?k=34266&s=today"
"GREG","GREG","https://coinsniper.net/coin/45174?k=34267&s=today"
"AMERG","AmerG Stablecoin","https://coinsniper.net/coin/45175?k=34268&s=today"
"MIC","Money In Crypto","https://coinsniper.net/coin/45176?k=34269&s=today"
"BTCX","BitcoinX Network","https://coinsniper.net/coin/45177?k=34270&s=today"
"BALL","Chase","https://coinsniper.net/coin/45178?k=34271&s=today"
"SHINU","Sheikhs Inu","https://coinsniper.net/coin/45179?k=34272&s=today"
"KAKICEO","DogeKakiCEO","https://coinsniper.net/coin/45180?k=34273&s=today"
"QCHARTIST","QChartist","https://coinsniper.net/coin/45181?k=34274&s=today"
"MOON","Ever Moon","https://coinsniper.net/coin/45182?k=34275&s=today"
"SWT","ShibWallet","https://coinsniper.net/coin/45183?k=34276&s=today"
"1USDC","1$ USDC","https://coinsniper.net/coin/45184?k=34277&s=today"
"CYZ","CyberZ Coin","https://coinsniper.net/coin/45185?k=34278&s=today"
"MFC","MrFlokiCEO","https://coinsniper.net/coin/45186?k=34279&s=today"
"USDC2.0","USDC 2.0","https://coinsniper.net/coin/45187?k=34280&s=today"
"IINTERNETDOGEE","IinternetDogee","https://coinsniper.net/coin/45189?k=34281&s=today"
"ROTS","RAGE OF THE SHIBA","https://coinsniper.net/coin/45190?k=34282&s=today"
"LBR","Libra Protocol","https://coinsniper.net/coin/45191?k=34283&s=today"
"EXO","ExoSphere","https://coinsniper.net/coin/45192?k=34284&s=today"
"SSE","Soroosh Smart Ecosystem","https://coinsniper.net/coin/45193?k=34285&s=today"
"ZMDOGE","ZMDOGE","https://coinsniper.net/coin/45194?k=34286&s=today"
"SEZ","Social Economic Zone","https://coinsniper.net/coin/45195?k=34287&s=today"
"E-BANK","Elon of bank","https://coinsniper.net/coin/45196?k=34288&s=today"
"BTZE","BALLTZE","https://coinsniper.net/coin/45197?k=34289&s=today"
"EFBAI","EuroFootball AI","https://coinsniper.net/coin/45198?k=34290&s=today"
"FROGCEO","FROG CEO","https://coinsniper.net/coin/45199?k=34291&s=today"
"XPAW","SynthetiXpaw","https://coinsniper.net/coin/45200?k=34292&s=today"
"DOGUCEO","DOGU CEO","https://coinsniper.net/coin/45201?k=34293&s=today"
"SHIBH","Shibarium Hunter","https://coinsniper.net/coin/45202?k=34294&s=today"
"ODE","OPTIMUS DOGELON","https://coinsniper.net/coin/45203?k=34295&s=today"
"HYPE","HYPE","https://coinsniper.net/coin/45204?k=34296&s=today"
"OPTIMUS ELON CEO","Optimus Elon CEO","https://coinsniper.net/coin/45205?k=34297&s=today"
"BSQUARE","BabySquare","https://coinsniper.net/coin/45206?k=34298&s=today"
"BULTOY","Bultoy token","https://coinsniper.net/coin/45208?k=34299&s=today"
"VDAO","VeganDAO 1.0","https://coinsniper.net/coin/45209?k=34300&s=today"