"listing-symbol","listing-name","Links"
"BABYFIST","BabyFist","https://coinsniper.net/coin/25244?k=8301&s=today"
"SQUIDWARD","SquidWard Inu","https://coinsniper.net/coin/25245?k=8302&s=today"
"GOJO","GojoX","https://coinsniper.net/coin/25246?k=8303&s=today"
"SHIRYO","Shiryoinu","https://coinsniper.net/coin/25248?k=8304&s=today"
"BABYDOGEB","Baby Doge Coin BUSD","https://coinsniper.net/coin/25249?k=8305&s=today"
"CPLAY","CPLAY Network","https://coinsniper.net/coin/25250?k=8306&s=today"
"KIMJ","KimJongMoon","https://coinsniper.net/coin/2?k=8307&s=today"
"ASS","Australian Shepherd Token","https://coinsniper.net/coin/3?k=8308&s=today"
"SUBX","Startup Boost Token","https://coinsniper.net/coin/4?k=8309&s=today"
"NCC","NoCapCoin","https://coinsniper.net/coin/5?k=8310&s=today"
"HAPPY","HappyCoin","https://coinsniper.net/coin/6?k=8311&s=today"
"TOKI","Tokyo Inu","https://coinsniper.net/coin/7?k=8312&s=today"
"MILF","MILF Finance","https://coinsniper.net/coin/8?k=8313&s=today"
"SAFUMOON","SafuMoon","https://coinsniper.net/coin/9?k=8314&s=today"
"DINO","DinoPark Finance","https://coinsniper.net/coin/10?k=8315&s=today"
"OCTKN","Octoken","https://coinsniper.net/coin/11?k=8316&s=today"
"FREN","Frenchie Network","https://coinsniper.net/coin/12?k=8317&s=today"
"DARTHELON","Darth Elon","https://coinsniper.net/coin/13?k=8318&s=today"
"MFX","MisterFox","https://coinsniper.net/coin/14?k=8319&s=today"
"KABOSU","Kabosu Inu","https://coinsniper.net/coin/15?k=8320&s=today"
"GREENFUTURE","GreenFuture","https://coinsniper.net/coin/16?k=8321&s=today"
"FETCH","MoonRetriever","https://coinsniper.net/coin/17?k=8322&s=today"
"DUI","DuiCoin","https://coinsniper.net/coin/18?k=8323&s=today"
"STOPELON","STOPELON","https://coinsniper.net/coin/19?k=8324&s=today"
"SMOON","SAYLOR MOON","https://coinsniper.net/coin/20?k=8325&s=today"
"BEE","Bees","https://coinsniper.net/coin/22?k=8326&s=today"
"INFLEX","INFLEX","https://coinsniper.net/coin/23?k=8327&s=today"
"DDOGE","DARTH DOGE","https://coinsniper.net/coin/24?k=8328&s=today"
"RAPR","RAPR","https://coinsniper.net/coin/25?k=8329&s=today"
"SIMPWORLD","Simpworld","https://coinsniper.net/coin/26?k=8330&s=today"
"CHIKUWA","Chikuwa","https://coinsniper.net/coin/27?k=8331&s=today"
"MOOCHII","MOOCHII","https://coinsniper.net/coin/28?k=8332&s=today"
"NFTART","NFTArt.Finance","https://coinsniper.net/coin/29?k=8333&s=today"
"NCAT","Nyan Cat Token","https://coinsniper.net/coin/30?k=8334&s=today"
"CVR","Sturgeon Finance","https://coinsniper.net/coin/31?k=8335&s=today"
"VENUS","Venusia.io","https://coinsniper.net/coin/32?k=8336&s=today"
"JOJO","StardustCrusadersBSC","https://coinsniper.net/coin/33?k=8337&s=today"
"ONFTs","OnlyNFTs","https://coinsniper.net/coin/34?k=8338&s=today"
"Jude","Jude","https://coinsniper.net/coin/35?k=8339&s=today"
"XBC","XBN Community Token","https://coinsniper.net/coin/36?k=8340&s=today"
"X2P","Xenon Pay II","https://coinsniper.net/coin/37?k=8341&s=today"
"TORO","Toro","https://coinsniper.net/coin/39?k=8342&s=today"
"ASSG","Assgard","https://coinsniper.net/coin/40?k=8343&s=today"
"CATGE","CATGE","https://coinsniper.net/coin/41?k=8344&s=today"
"Dogina","Dogina","https://coinsniper.net/coin/42?k=8345&s=today"
"RISKMOON","RiskMoon","https://coinsniper.net/coin/43?k=8346&s=today"
"SHIBACASH","SHIBA CASH","https://coinsniper.net/coin/44?k=8347&s=today"
"CHSHIBA","Chubby Shiba","https://coinsniper.net/coin/45?k=8348&s=today"
"TSI","Tosa Inu","https://coinsniper.net/coin/46?k=8349&s=today"
"UNAGI","UnagiSwap Finance","https://coinsniper.net/coin/47?k=8350&s=today"