"listing-symbol","listing-name","Links"
"EMTX","Emeritrex","https://coinsniper.net/coin/41245?k=22501&s=today"
"DOGE420","Weedoge","https://coinsniper.net/coin/41246?k=22502&s=today"
"#DOGE","#DOGE","https://coinsniper.net/coin/41247?k=22503&s=today"
"ROBOC","ROBOC","https://coinsniper.net/coin/41248?k=22504&s=today"
"TITS","CrypTits","https://coinsniper.net/coin/41249?k=22505&s=today"
"BERGERDOGE","Berger Dog Coin","https://coinsniper.net/coin/41250?k=22506&s=today"
"RINKU","RinkuChain","https://coinsniper.net/coin/41251?k=22507&s=today"
"SPORTDOGE","Sport Doge","https://coinsniper.net/coin/41252?k=22508&s=today"
"BGDO","Big Doge","https://coinsniper.net/coin/41253?k=22509&s=today"
"CRE","Chicken or Egg","https://coinsniper.net/coin/41255?k=22510&s=today"
"OREO","OreoPad","https://coinsniper.net/coin/41256?k=22511&s=today"
"ZAP","Zilanspri","https://coinsniper.net/coin/41257?k=22512&s=today"
"CXV","CryptXverse","https://coinsniper.net/coin/41258?k=22513&s=today"
"QTI","Qatar IPA","https://coinsniper.net/coin/41259?k=22514&s=today"
"SANTAMUSK","SANTA MUSK || private sale","https://coinsniper.net/coin/41260?k=22515&s=today"
"UMW","UMetaWorld","https://coinsniper.net/coin/41261?k=22516&s=today"
"TBP07","tbp07","https://coinsniper.net/coin/41262?k=22517&s=today"
"TWITTER HALF","Twitter 0.5","https://coinsniper.net/coin/41263?k=22518&s=today"
"WOWC","Wrapped OduwaCoin","https://coinsniper.net/coin/41264?k=22519&s=today"
"CKM","CheckMe","https://coinsniper.net/coin/41265?k=22520&s=today"
"LISTENBOURG","Listenbourg Coin","https://coinsniper.net/coin/41266?k=22521&s=today"
"ARB","MANIPULATE","https://coinsniper.net/coin/41267?k=22522&s=today"
"XEDC","Xedicate","https://coinsniper.net/coin/41268?k=22523&s=today"
"SHIBREDNU","Shiba Red Inu","https://coinsniper.net/coin/41269?k=22524&s=today"
"META-TIME","Meta Time Cayman","https://coinsniper.net/coin/41270?k=22525&s=today"
"TWT","TrustWallet.Com Token","https://coinsniper.net/coin/41271?k=22526&s=today"
"METATWIT","MetaTwit","https://coinsniper.net/coin/41273?k=22527&s=today"
"BMN","BlockMode Network","https://coinsniper.net/coin/41274?k=22528&s=today"
"LUNCMICRO","LUNCMICRO","https://coinsniper.net/coin/41276?k=22529&s=today"
"2SPICE","2spice","https://coinsniper.net/coin/41277?k=22530&s=today"
"CRF","CRYPTO COMPANY FARM","https://coinsniper.net/coin/41278?k=22531&s=today"
"MUSK TWITTER","Donald Musk Twitter","https://coinsniper.net/coin/41279?k=22532&s=today"
"NRN","NoRugNovember","https://coinsniper.net/coin/41280?k=22533&s=today"
"TSKY","TechSky","https://coinsniper.net/coin/41281?k=22534&s=today"
"TWITTER8","Twitter$8","https://coinsniper.net/coin/41282?k=22535&s=today"
"ELGD","Eleven Gold","https://coinsniper.net/coin/41283?k=22536&s=today"
"MNBY","MoonBaby","https://coinsniper.net/coin/41284?k=22537&s=today"
"SDC","Shilly Degens Club","https://coinsniper.net/coin/41285?k=22538&s=today"
"NBA","NeverBrokeAgain","https://coinsniper.net/coin/41286?k=22539&s=today"
"BTWI","Baby Twitter Inu","https://coinsniper.net/coin/41287?k=22540&s=today"
"TX500","TX 500","https://coinsniper.net/coin/41289?k=22541&s=today"
"FRENS","frenster","https://coinsniper.net/coin/41290?k=22542&s=today"
"PYKA","ViasylSwap","https://coinsniper.net/coin/41291?k=22543&s=today"
"VINE","Vine2Earn","https://coinsniper.net/coin/41292?k=22544&s=today"
"SHINOBNB","Shinobnb","https://coinsniper.net/coin/41293?k=22545&s=today"
"SWEATS","Sweatcoin","https://coinsniper.net/coin/41295?k=22546&s=today"
"APES","APESCOIN","https://coinsniper.net/coin/41297?k=22547&s=today"
"SBT","Sebright","https://coinsniper.net/coin/41298?k=22548&s=today"
"INR","INERY","https://coinsniper.net/coin/41299?k=22549&s=today"
"FLM","Frog Lives Matter","https://coinsniper.net/coin/41300?k=22550&s=today"