"listing-symbol","listing-name","Links"
"CBI","COIN BASE INU","https://coinsniper.net/coin/44716?k=33851&s=today"
"NFAI","NutriFitAI","https://coinsniper.net/coin/44717?k=33852&s=today"
"ALEXA","Alexa","https://coinsniper.net/coin/44718?k=33853&s=today"
"LOTTO","LOTTO","https://coinsniper.net/coin/44719?k=33854&s=today"
"ZHAO","BNBZhao","https://coinsniper.net/coin/44720?k=33855&s=today"
"GCC","Grow Crop Corp","https://coinsniper.net/coin/44721?k=33856&s=today"
"SHIBBLK","Shibblack inu","https://coinsniper.net/coin/44722?k=33857&s=today"
"SULTANSHIB","SultanShibaInu","https://coinsniper.net/coin/44723?k=33858&s=today"
"GUDETAMA","GUDETAMA COIN","https://coinsniper.net/coin/44724?k=33859&s=today"
"FLOKAI","FLOKAI","https://coinsniper.net/coin/44725?k=33860&s=today"
"ARIBA","Ariba Inu","https://coinsniper.net/coin/44726?k=33861&s=today"
"COCOINU","COCA COLA INU","https://coinsniper.net/coin/44727?k=33862&s=today"
"KAI","KryptAi","https://coinsniper.net/coin/44731?k=33863&s=today"
"TREC","TREC NETWORK","https://coinsniper.net/coin/44732?k=33864&s=today"
"PARMA","Parma Fan Token","https://coinsniper.net/coin/44733?k=33865&s=today"
"ROTHSCHILD","Rothschild","https://coinsniper.net/coin/44734?k=33866&s=today"
"MELO","Melo Inu","https://coinsniper.net/coin/44735?k=33867&s=today"
"CLK","Click","https://coinsniper.net/coin/44736?k=33868&s=today"
"FTMG","Fantom Gang","https://coinsniper.net/coin/44737?k=33869&s=today"
"CRVCODE","CURVECODE SYSTEM","https://coinsniper.net/coin/44738?k=33870&s=today"
"SHARE","SHare","https://coinsniper.net/coin/44739?k=33871&s=today"
"IFLOKI","IRISH FLOKI","https://coinsniper.net/coin/44741?k=33872&s=today"
"VFY","Venify","https://coinsniper.net/coin/44742?k=33873&s=today"
"MITX","Morpheus Labs","https://coinsniper.net/coin/44743?k=33874&s=today"
"BSCBULL","BSCBULL","https://coinsniper.net/coin/44744?k=33875&s=today"
"AACD","American AIRDROP Core DAO","https://coinsniper.net/coin/44745?k=33876&s=today"
"MTTOK","Marketing Token","https://coinsniper.net/coin/44746?k=33877&s=today"
"EDRAGON","Elons Dragon","https://coinsniper.net/coin/44747?k=33878&s=today"
"SHORTS","Shiba Sports","https://coinsniper.net/coin/44748?k=33879&s=today"
"CDBC","Cloudbit Classic","https://coinsniper.net/coin/44749?k=33880&s=today"
"CATS","CATS","https://coinsniper.net/coin/44750?k=33881&s=today"
"DOGE DRAGON","Doge Dragon","https://coinsniper.net/coin/44751?k=33882&s=today"
"BLX","Optionblitz","https://coinsniper.net/coin/44752?k=33883&s=today"
"NUSD","NEXTUSD","https://coinsniper.net/coin/44753?k=33884&s=today"
"OAI","OCEAN AI","https://coinsniper.net/coin/44754?k=33885&s=today"
"EWS","elite whales","https://coinsniper.net/coin/44755?k=33886&s=today"
"ARAA","ARAA FINANCE","https://coinsniper.net/coin/44756?k=33887&s=today"
"ABBULL","AI BSC BULL","https://coinsniper.net/coin/44757?k=33888&s=today"
"DSL","DSL","https://coinsniper.net/coin/44758?k=33889&s=today"
"MGPT","Matrix GPT","https://coinsniper.net/coin/44759?k=33890&s=today"
"BSC","FLAMER.LIFE","https://coinsniper.net/coin/44760?k=33891&s=today"
"COSHI","Cattoshi","https://coinsniper.net/coin/44761?k=33892&s=today"
"GRIZZ","Solana Grizzly","https://coinsniper.net/coin/44762?k=33893&s=today"
"FSXM","FlashX Max","https://coinsniper.net/coin/44763?k=33894&s=today"
"BOSS","Yakuza Boss","https://coinsniper.net/coin/44764?k=33895&s=today"
"METANFTAI","MetaNFTAI","https://coinsniper.net/coin/44765?k=33896&s=today"
"GNFTDOT","Google NFTDOT","https://coinsniper.net/coin/44766?k=33897&s=today"
"CEODOGE","TWITTER CEO DOGE","https://coinsniper.net/coin/44767?k=33898&s=today"
"CAT","Baby Cat","https://coinsniper.net/coin/44769?k=33899&s=today"
"UDS","Undeads Gaming","https://coinsniper.net/coin/44770?k=33900&s=today"