"listing-symbol","listing-name","Links"
"FLOKIFOOL","FlokiFool","https://coinsniper.net/coin/44991?k=34101&s=today"
"BNBINU","BNBinu","https://coinsniper.net/coin/44992?k=34102&s=today"
"INTERNNETDDOGE","InternnetDdoge","https://coinsniper.net/coin/44993?k=34103&s=today"
"INVECTAI","InvectAI","https://coinsniper.net/coin/44994?k=34104&s=today"
"WINGS","WINGS","https://coinsniper.net/coin/44995?k=34105&s=today"
"PAWTOOLS","PawTools","https://coinsniper.net/coin/44996?k=34106&s=today"
"AUDITRIUM","AUDITRIUM INU","https://coinsniper.net/coin/44997?k=34107&s=today"
"SNAKECEO","SnakeCEO","https://coinsniper.net/coin/44998?k=34108&s=today"
"DOGAMG","DOGE CLONE","https://coinsniper.net/coin/44999?k=34109&s=today"
"GDUCK","GOLD MCTOSHI","https://coinsniper.net/coin/45001?k=34110&s=today"
"ALLTAIN","ALLIANCE APPERTAIN","https://coinsniper.net/coin/45002?k=34111&s=today"
"DL_AI","DOGELON AI","https://coinsniper.net/coin/45003?k=34112&s=today"
"BUCI","BullCat Inu","https://coinsniper.net/coin/45004?k=34113&s=today"
"PSI","Passive Income System","https://coinsniper.net/coin/45006?k=34114&s=today"
"BABYKAKI","babykaki","https://coinsniper.net/coin/45007?k=34115&s=today"
"MTRX","MTRX Coin","https://coinsniper.net/coin/45009?k=34116&s=today"
"MANDO","Mando Token","https://coinsniper.net/coin/45010?k=34117&s=today"
"BCEO","BabyDoge CEO","https://coinsniper.net/coin/45011?k=34118&s=today"
"WOR","World Of Rewards","https://coinsniper.net/coin/45012?k=34119&s=today"
"GIRAFFE","Giraffe","https://coinsniper.net/coin/45013?k=34120&s=today"
"ACEO","Arabian CEO","https://coinsniper.net/coin/45014?k=34121&s=today"
"KIRA","Kira coin","https://coinsniper.net/coin/45015?k=34122&s=today"
"BABYMARVIN","BABYMARVIN","https://coinsniper.net/coin/45016?k=34123&s=today"
"BABYFLOKI","Baby Floki Inu","https://coinsniper.net/coin/45017?k=34124&s=today"
"NEUR","NeurSwap","https://coinsniper.net/coin/45018?k=34125&s=today"
"DAI","DogeZila Ai","https://coinsniper.net/coin/45019?k=34126&s=today"
"PHX","Phoenix Chain","https://coinsniper.net/coin/45020?k=34127&s=today"
"ASI","AltSignals","https://coinsniper.net/coin/45022?k=34128&s=today"
"CAKECZ","CAKE CEO","https://coinsniper.net/coin/45023?k=34129&s=today"
"WEB3","Crypto Web3","https://coinsniper.net/coin/45024?k=34130&s=today"
"QNT","QNITH","https://coinsniper.net/coin/45025?k=34131&s=today"
"WKF","WKF","https://coinsniper.net/coin/45026?k=34132&s=today"
"SEC","SafeEvolveCrypto","https://coinsniper.net/coin/45027?k=34133&s=today"
"PUG","Real Pug Token","https://coinsniper.net/coin/45028?k=34134&s=today"
"BALLOON","Ballooooning","https://coinsniper.net/coin/45029?k=34135&s=today"
"CFX INU","CONFLUX INU","https://coinsniper.net/coin/45030?k=34136&s=today"
"PRVT","PRVT data","https://coinsniper.net/coin/45031?k=34137&s=today"
"EIO","Engine Infinity","https://coinsniper.net/coin/45032?k=34138&s=today"
"LOTTO","Lotto","https://coinsniper.net/coin/45033?k=34139&s=today"
"LUCK","Irishiba","https://coinsniper.net/coin/45034?k=34140&s=today"
"ART","Artin","https://coinsniper.net/coin/45035?k=34141&s=today"
"TITTY","Tamakitty","https://coinsniper.net/coin/45036?k=34142&s=today"
"CASINO","CasinoCronos","https://coinsniper.net/coin/45037?k=34143&s=today"
"TETRUM","Tetrum","https://coinsniper.net/coin/45038?k=34144&s=today"
"BABYBNBTIGER","BabyBNBTiger","https://coinsniper.net/coin/45039?k=34145&s=today"
"RVNM","RVNMINERS.COM","https://coinsniper.net/coin/45040?k=34146&s=today"
"DOGACEO","Doga CEO","https://coinsniper.net/coin/45041?k=34147&s=today"
"MISCHIEVOUSSHIBA","Mischievous Shiba","https://coinsniper.net/coin/45042?k=34148&s=today"
"TBOY","TubbyBoy","https://coinsniper.net/coin/45043?k=34149&s=today"
"BABYMOPS","BABYMOPS","https://coinsniper.net/coin/45044?k=34150&s=today"