"listing-symbol","listing-name","Links"
"LOD","Legion of Degen","https://coinsniper.net/coin/39037?k=20401&s=today"
"BOSSY'S RATBOY","BOSSY'S RATBOY","https://coinsniper.net/coin/39038?k=20402&s=today"
"QBE","QBE Ecosystem","https://coinsniper.net/coin/39039?k=20403&s=today"
"BILLMURRAY","Bill Murray Inu Burn","https://coinsniper.net/coin/39040?k=20404&s=today"
"OCHI","OROCHI","https://coinsniper.net/coin/39041?k=20405&s=today"
"RISU","Risu","https://coinsniper.net/coin/39042?k=20406&s=today"
"APECLUB","APE CLUB","https://coinsniper.net/coin/39043?k=20407&s=today"
"MOOCA","Mooca Coin","https://coinsniper.net/coin/39044?k=20408&s=today"
"LGROW","LUNC GROW","https://coinsniper.net/coin/39045?k=20409&s=today"
"CHARLIE INU","Charlie INU","https://coinsniper.net/coin/39046?k=20410&s=today"
"NC","Novaceu","https://coinsniper.net/coin/39047?k=20411&s=today"
"BITC","Bitchain","https://coinsniper.net/coin/39048?k=20412&s=today"
"MATRIX","MATRIX","https://coinsniper.net/coin/39049?k=20413&s=today"
"RUGPULLA1","rugpulla1","https://coinsniper.net/coin/39050?k=20414&s=today"
"XYFIN","XY Finance SWAP & DeFi Token","https://coinsniper.net/coin/39051?k=20415&s=today"
"MMSHIB","MaMa Shiba Inu","https://coinsniper.net/coin/39053?k=20416&s=today"
"EPR","Elon's Pet Rats","https://coinsniper.net/coin/39054?k=20417&s=today"
"KABY","Kaby Arena","https://coinsniper.net/coin/39055?k=20418&s=today"
"UPLAND-META","Upland Metaverse Token","https://coinsniper.net/coin/39056?k=20419&s=today"
"JPC","Chihuahua Jackpot","https://coinsniper.net/coin/39057?k=20420&s=today"
"BLACKNINJA","Black Ninja","https://coinsniper.net/coin/39058?k=20421&s=today"
"CV-MT","Cryptovoxels Metaverse Token","https://coinsniper.net/coin/39059?k=20422&s=today"
"DDK","DogeDesigner Killer","https://coinsniper.net/coin/39060?k=20423&s=today"
"QATAR","QATAR INU","https://coinsniper.net/coin/39062?k=20424&s=today"
"WENRAT","RatMon BSC","https://coinsniper.net/coin/39063?k=20425&s=today"
"STC","Student Coin","https://coinsniper.net/coin/39064?k=20426&s=today"
"D-YEN","Digital Japanese YEN","https://coinsniper.net/coin/39065?k=20427&s=today"
"MESH","Mesh Chain Network","https://coinsniper.net/coin/39066?k=20428&s=today"
"S2E","Social2E","https://coinsniper.net/coin/39067?k=20429&s=today"
"FRL","Fireal","https://coinsniper.net/coin/39068?k=20430&s=today"
"CLX","ClassicX","https://coinsniper.net/coin/39069?k=20431&s=today"
"BTC-EURO","Bitcoin Vs Euro Token","https://coinsniper.net/coin/39070?k=20432&s=today"
"DRAGO","House of Meta Dragon","https://coinsniper.net/coin/39071?k=20433&s=today"
"SLINU","STANLEE INU","https://coinsniper.net/coin/39072?k=20434&s=today"
"OBC","Obscured by clouds","https://coinsniper.net/coin/39073?k=20435&s=today"
"PTS","pepe tits","https://coinsniper.net/coin/39074?k=20436&s=today"
"NEW HOE","Wife Changing Money","https://coinsniper.net/coin/39075?k=20437&s=today"
"DLC","Crypto Dealer","https://coinsniper.net/coin/39076?k=20438&s=today"
"NUKE","NukeTown","https://coinsniper.net/coin/39077?k=20439&s=today"
"BUSDEER","BUSDEER","https://coinsniper.net/coin/39078?k=20440&s=today"
"NET","NETRIUM","https://coinsniper.net/coin/39079?k=20441&s=today"
"VARTI","Vartifact","https://coinsniper.net/coin/39080?k=20442&s=today"
"CHAIN","ChainSwaps","https://coinsniper.net/coin/39081?k=20443&s=today"
"MUSHA","Onna Musha","https://coinsniper.net/coin/39082?k=20444&s=today"
"ALFAT","Alphaterra","https://coinsniper.net/coin/39083?k=20445&s=today"
"MXB","MetaXBet","https://coinsniper.net/coin/39084?k=20446&s=today"
"DKING","DOGKING","https://coinsniper.net/coin/39085?k=20447&s=today"
"CBC","Carbon Chain","https://coinsniper.net/coin/39086?k=20448&s=today"
"OTEC","Bird Energy","https://coinsniper.net/coin/39087?k=20449&s=today"
"OTEC","Bird Energy","https://coinsniper.net/coin/39088?k=20450&s=today"