"listing-symbol","listing-name","Links"
"BIRTHCAKE","BirthCake","https://coinsniper.net/coin/8808?k=41451&s=today"
"TGDOGE","The Godfather Doge","https://coinsniper.net/coin/8809?k=41452&s=today"
"EURO","Europa","https://coinsniper.net/coin/8810?k=41453&s=today"
"BREVO","Baby Revomon","https://coinsniper.net/coin/8811?k=41454&s=today"
"SKOALA","SAFEKOALA","https://coinsniper.net/coin/8812?k=41455&s=today"
"COOP|BCOOP","COOPNetwork","https://coinsniper.net/coin/8813?k=41456&s=today"
"DRAGON","Royal Dragon","https://coinsniper.net/coin/8814?k=41457&s=today"
"COOP|BCOOP","COOPNetwork","https://coinsniper.net/coin/8815?k=41458&s=today"
"PRIDE","PRIDE","https://coinsniper.net/coin/8816?k=41459&s=today"
"NFTBABYDOGE","NFT BABY DOGE","https://coinsniper.net/coin/8817?k=41460&s=today"
"BUSDK","BUSDKitties","https://coinsniper.net/coin/8818?k=41461&s=today"
"CHICKEN","babychicken","https://coinsniper.net/coin/8819?k=41462&s=today"
"WHITEFEG","WhiteFeg","https://coinsniper.net/coin/8820?k=41463&s=today"
"CUE","Coinupdate","https://coinsniper.net/coin/8821?k=41464&s=today"
"PEM","PEM token","https://coinsniper.net/coin/8822?k=41465&s=today"
"BIRB","Birb","https://coinsniper.net/coin/8823?k=41466&s=today"
"THUN","Thunder","https://coinsniper.net/coin/8824?k=41467&s=today"
"GAPE","GREENAPE","https://coinsniper.net/coin/8825?k=41468&s=today"
"RAI","Rai","https://coinsniper.net/coin/8826?k=41469&s=today"
"SCT","Safechaintoken","https://coinsniper.net/coin/8827?k=41470&s=today"
"SNKS","SnackSwap","https://coinsniper.net/coin/8828?k=41471&s=today"
"SPBR","SpaceBridge Token","https://coinsniper.net/coin/8829?k=41472&s=today"
"LTH","LILITH","https://coinsniper.net/coin/8830?k=41473&s=today"
"BUMMIES","BabyCummies","https://coinsniper.net/coin/8831?k=41474&s=today"
"MINBIN","Mini-Binamon","https://coinsniper.net/coin/8832?k=41475&s=today"
"BABYCRYPTOBLADES","Baby Cryptoblades","https://coinsniper.net/coin/8833?k=41476&s=today"
"GDF","GreenDefi","https://coinsniper.net/coin/8834?k=41477&s=today"
"INURAMEN","InuRamen","https://coinsniper.net/coin/8835?k=41478&s=today"
"HEROBABYDOGE","HeroBabyDoge","https://coinsniper.net/coin/8836?k=41479&s=today"
"HEROBABYDOGE","HeroBabyDoge","https://coinsniper.net/coin/8837?k=41480&s=today"
"CUTESPERM","CuteSperm","https://coinsniper.net/coin/8838?k=41481&s=today"
"BFEG","Black Feg","https://coinsniper.net/coin/8839?k=41482&s=today"
"DND","Dungeonswap","https://coinsniper.net/coin/8840?k=41483&s=today"
"BDCAKE","BirthdayDogeCake","https://coinsniper.net/coin/8841?k=41484&s=today"
"SHINOBIDOGE","Shinobi Doge","https://coinsniper.net/coin/8842?k=41485&s=today"
"KATO","Katoshi","https://coinsniper.net/coin/8843?k=41486&s=today"
"DLEE","DogeLee","https://coinsniper.net/coin/8844?k=41487&s=today"
"EMOTCHI","Emotchi","https://coinsniper.net/coin/8845?k=41488&s=today"
"CAKEPRO","Cake Pro","https://coinsniper.net/coin/8846?k=41489&s=today"
"GRILL","GRILL","https://coinsniper.net/coin/8847?k=41490&s=today"
"PNB","Pi Network Bsc","https://coinsniper.net/coin/8848?k=41491&s=today"
"KIRBY","Kirby Inu","https://coinsniper.net/coin/8849?k=41492&s=today"
"BBB","BlackbeardBUSD","https://coinsniper.net/coin/8850?k=41493&s=today"
"CFEG","CakeFeg","https://coinsniper.net/coin/8851?k=41494&s=today"
"KINU","Kami Inu","https://coinsniper.net/coin/8852?k=41495&s=today"
"BHERO","Bitcoin HEROES","https://coinsniper.net/coin/8853?k=41496&s=today"
"SD","SpiderDoge","https://coinsniper.net/coin/8854?k=41497&s=today"
"BABYBNB","Baby Binance","https://coinsniper.net/coin/8855?k=41498&s=today"
"MND","Mind Music","https://coinsniper.net/coin/8856?k=41499&s=today"
"DD","DiscoDoge","https://coinsniper.net/coin/8857?k=41500&s=today"