"listing-symbol","listing-name","Links"
"VENGE","Revenge Coin","https://coinsniper.net/coin/13147?k=45701&s=today"
"BBB","BabyBasketball","https://coinsniper.net/coin/13148?k=45702&s=today"
"0XD","0xDash","https://coinsniper.net/coin/13149?k=45703&s=today"
"BABYCADA","BabyCADA","https://coinsniper.net/coin/13150?k=45704&s=today"
"KNX","Knight X","https://coinsniper.net/coin/13151?k=45705&s=today"
"MOONADA","MoonADA","https://coinsniper.net/coin/13152?k=45706&s=today"
"FISH","Fisherman Finance","https://coinsniper.net/coin/13153?k=45707&s=today"
"DCANDY","Doge Candy","https://coinsniper.net/coin/13154?k=45708&s=today"
"SEATTLECAKE","Seattle Cake","https://coinsniper.net/coin/13155?k=45709&s=today"
"RICKJAMESBCH","RickJamesBCH","https://coinsniper.net/coin/13156?k=45710&s=today"
"INUAIR","Inu Airways","https://coinsniper.net/coin/13157?k=45711&s=today"
"ADABRA","Abracadabra","https://coinsniper.net/coin/13158?k=45712&s=today"
"BSH","BabyShanghai","https://coinsniper.net/coin/13159?k=45713&s=today"
"INCOME","Income Island Token","https://coinsniper.net/coin/13160?k=45714&s=today"
"MPUG","MoodyPugBSC","https://coinsniper.net/coin/13161?k=45715&s=today"
"MCSZN","MooncoinSZN","https://coinsniper.net/coin/13162?k=45716&s=today"
"UCF","UCF Finance","https://coinsniper.net/coin/13163?k=45717&s=today"
"VCK","Viking Clash","https://coinsniper.net/coin/13164?k=45718&s=today"
"MCAKE","Money Cake","https://coinsniper.net/coin/13165?k=45719&s=today"
"SC","Swisscoin","https://coinsniper.net/coin/13166?k=45720&s=today"
"GUCCICAKE","GucciCake","https://coinsniper.net/coin/13167?k=45721&s=today"
"ZARD","FireZard","https://coinsniper.net/coin/13168?k=45722&s=today"
"LOGE","adaLOGE","https://coinsniper.net/coin/13169?k=45723&s=today"
"BTC","Bitcoin","https://coinsniper.net/coin/13170?k=45724&s=today"
"ONYX","Onyx Lighting","https://coinsniper.net/coin/13171?k=45725&s=today"
"MEAL","Meal Token","https://coinsniper.net/coin/13172?k=45726&s=today"
"BBSWAP","BitBucks Swap","https://coinsniper.net/coin/13173?k=45727&s=today"
"EthDOT","EtherDot","https://coinsniper.net/coin/13174?k=45728&s=today"
"CDOG","Captain Doge","https://coinsniper.net/coin/13175?k=45729&s=today"
"ZEX","Geonzex","https://coinsniper.net/coin/13176?k=45730&s=today"
"LT","LOTUS TOKEN","https://coinsniper.net/coin/13177?k=45731&s=today"
"MSX","MuskySpaceX","https://coinsniper.net/coin/13178?k=45732&s=today"
"MINIPOTS","MiniMoonPot","https://coinsniper.net/coin/13179?k=45733&s=today"
"SINGER","Singer Community Coin","https://coinsniper.net/coin/13180?k=45734&s=today"
"JAGUAR","JaguarSwap","https://coinsniper.net/coin/13181?k=45735&s=today"
"CYDORGS","CyberDoge","https://coinsniper.net/coin/13182?k=45736&s=today"
"NADA","NanoCardano","https://coinsniper.net/coin/13183?k=45737&s=today"
"BUNNYBUSD","BunnyBUSD","https://coinsniper.net/coin/13184?k=45738&s=today"
"ADAFIRE","CardanoFire","https://coinsniper.net/coin/13185?k=45739&s=today"
"GORL","Gorilla Token","https://coinsniper.net/coin/13186?k=45740&s=today"
"AWIZ","APE WIZARD","https://coinsniper.net/coin/13187?k=45741&s=today"
"WSJ","Wall Street Jackpot","https://coinsniper.net/coin/13188?k=45742&s=today"
"BCATGAME","BabyCat Game","https://coinsniper.net/coin/13189?k=45743&s=today"
"TRUSTK","TRUSTKEYS","https://coinsniper.net/coin/13190?k=45744&s=today"
"CTH","Crypto Hounds","https://coinsniper.net/coin/13191?k=45745&s=today"
"BTC","Qoiu","https://coinsniper.net/coin/13192?k=45746&s=today"
"BTC","Qoiu","https://coinsniper.net/coin/13193?k=45747&s=today"
"BTC","21321132132","https://coinsniper.net/coin/13194?k=45748&s=today"
"GLITE","LITECOIN GOLD","https://coinsniper.net/coin/13195?k=45749&s=today"
"UNNAMED","UnNamed Token","https://coinsniper.net/coin/13196?k=45750&s=today"