"listing-symbol","listing-name","Links"
"EPH","EuphoriaBSC","https://coinsniper.net/coin/12635?k=45201&s=today"
"WRP","WARP","https://coinsniper.net/coin/12636?k=45202&s=today"
"HYPER","HyperToken","https://coinsniper.net/coin/12637?k=45203&s=today"
"TKB","TKB TOKEN","https://coinsniper.net/coin/12638?k=45204&s=today"
"FLETH","FokinLegiETH","https://coinsniper.net/coin/12639?k=45205&s=today"
"PLAYBOYDOGE","PLAYBOYDOGE","https://coinsniper.net/coin/12640?k=45206&s=today"
"MSH","CRIR MSH","https://coinsniper.net/coin/12641?k=45207&s=today"
"PUTT","MiniPutt","https://coinsniper.net/coin/12642?k=45208&s=today"
"MINIBASEBALL","Mini Baseball","https://coinsniper.net/coin/12643?k=45209&s=today"
"RET","Red Envelope Token","https://coinsniper.net/coin/12644?k=45210&s=today"
"DRFT","DriftCoin","https://coinsniper.net/coin/12645?k=45211&s=today"
"EBORUS","EBORUS","https://coinsniper.net/coin/12646?k=45212&s=today"
"SHILLMOON","ShillMoon","https://coinsniper.net/coin/12647?k=45213&s=today"
"GALAXY","Galaxy","https://coinsniper.net/coin/12648?k=45214&s=today"
"BDD","BabyDiamondDoge","https://coinsniper.net/coin/12649?k=45215&s=today"
"DD","DotDealer","https://coinsniper.net/coin/12650?k=45216&s=today"
"KAGE","Kashikoi Doge","https://coinsniper.net/coin/12651?k=45217&s=today"
"MSWAP","Meowswap","https://coinsniper.net/coin/12653?k=45218&s=today"
"BUST","BUSTA","https://coinsniper.net/coin/12654?k=45219&s=today"
"IBAN","iBAN COIN","https://coinsniper.net/coin/12655?k=45220&s=today"
"JACKPOTMOON","Jackpot Moon","https://coinsniper.net/coin/12656?k=45221&s=today"
"DRYCAKES","DryCakeSwap","https://coinsniper.net/coin/12657?k=45222&s=today"
"LDM","Ludicrous Moon Speed Defi","https://coinsniper.net/coin/12658?k=45223&s=today"
"ASX","Ads Social","https://coinsniper.net/coin/12659?k=45224&s=today"
"TEA","Teanance","https://coinsniper.net/coin/12660?k=45225&s=today"
"BSC","Pay-Day","https://coinsniper.net/coin/12661?k=45226&s=today"
"GEAGLE","Great Eagle","https://coinsniper.net/coin/12662?k=45227&s=today"
"BABYMICROSHIBADOGE","BabyMicroShibaDoge","https://coinsniper.net/coin/12663?k=45228&s=today"
"TCT","Trustcommunitytoken","https://coinsniper.net/coin/12664?k=45229&s=today"
"BAKECAKE","BAKECAKE","https://coinsniper.net/coin/12665?k=45230&s=today"
"INCEPTION","Inu-ception","https://coinsniper.net/coin/12666?k=45231&s=today"
"GCN","GucciCoin","https://coinsniper.net/coin/12667?k=45232&s=today"
"LADA","LemonADA","https://coinsniper.net/coin/12668?k=45233&s=today"
"TAX","Tax Token","https://coinsniper.net/coin/12669?k=45234&s=today"
"HIGH","STONED COIN","https://coinsniper.net/coin/12670?k=45235&s=today"
"ADA","Ape D.ADA","https://coinsniper.net/coin/12671?k=45236&s=today"
"FIT","Fitcoin","https://coinsniper.net/coin/12672?k=45237&s=today"
"MM","Megamatic","https://coinsniper.net/coin/12673?k=45238&s=today"
"ETHVAULT","Ethvault","https://coinsniper.net/coin/12674?k=45239&s=today"
"ALIX","AlinX","https://coinsniper.net/coin/12675?k=45240&s=today"
"AURA","Defi Demi God","https://coinsniper.net/coin/12676?k=45241&s=today"
"ADX","Apedex","https://coinsniper.net/coin/12677?k=45242&s=today"
"CAKEMINER","CakeMiner","https://coinsniper.net/coin/12678?k=45243&s=today"
"SBJESUS","Sweet Baby Jesus","https://coinsniper.net/coin/12679?k=45244&s=today"
"CMMR","Commissioner Doge","https://coinsniper.net/coin/12680?k=45245&s=today"
"TBT","Tennisball","https://coinsniper.net/coin/12681?k=45246&s=today"
"ASIANFEG","AsianFEG","https://coinsniper.net/coin/12682?k=45247&s=today"
"ASSX","ASSX Token","https://coinsniper.net/coin/12683?k=45248&s=today"
"PDOG","POLKADOG","https://coinsniper.net/coin/12684?k=45249&s=today"
"TMDOGE_V2","Tibetan Mastiff Doge V2","https://coinsniper.net/coin/12685?k=45250&s=today"