"listing-symbol","listing-name","Links"
"PEPE KIRA","ObitoSasukeUchihaJunkoEnoshimaMinene","https://coinsniper.net/coin/53089?k=49851&s=today"
"AION CHAIN","Aion /Chain","https://coinsniper.net/coin/53090?k=49852&s=today"
"PAWTKN","PAWTOKEN","https://coinsniper.net/coin/53091?k=49853&s=today"
"KDOGP","KDOG POS COIN","https://coinsniper.net/coin/53093?k=49854&s=today"
"VISI","VISI Security Token","https://coinsniper.net/coin/53095?k=49855&s=today"
"MEGABOT","Mega BOT","https://coinsniper.net/coin/53096?k=49856&s=today"
"WRICH","WarRichies","https://coinsniper.net/coin/53097?k=49857&s=today"
"ETH","HarryPotterObamaPoliticos666Inu","https://coinsniper.net/coin/53098?k=49858&s=today"
"ATT","AdventureTimeToken","https://coinsniper.net/coin/53099?k=49859&s=today"
"LONG","LONG JUMP OLYMPICS","https://coinsniper.net/coin/53100?k=49860&s=today"
"BB","Black Bull","https://coinsniper.net/coin/53101?k=49861&s=today"
"STEALTH","StealthPad","https://coinsniper.net/coin/53102?k=49862&s=today"
"AI","ArbDoge AI","https://coinsniper.net/coin/53103?k=49863&s=today"
"MKF","Master Key Finance Official","https://coinsniper.net/coin/53104?k=49864&s=today"
"SHIA","Shiba Saga","https://coinsniper.net/coin/53105?k=49865&s=today"
"CULTUX","CultuSphereX","https://coinsniper.net/coin/53106?k=49866&s=today"
"YOL","Yolva","https://coinsniper.net/coin/53107?k=49867&s=today"
"SCN","SChain","https://coinsniper.net/coin/53108?k=49868&s=today"
"RAPTOR","Philosoraptor","https://coinsniper.net/coin/53109?k=49869&s=today"
"BTCR","Bitcoin Rewind","https://coinsniper.net/coin/53110?k=49870&s=today"
"CUNT","The Current Narrative","https://coinsniper.net/coin/53111?k=49871&s=today"
"MONEY","Money Protocol","https://coinsniper.net/coin/53113?k=49872&s=today"
"IDGE (CN)","IDGE (CN)","https://coinsniper.net/coin/53114?k=49873&s=today"
"SHIBA CAT","Shiba Cat","https://coinsniper.net/coin/53115?k=49874&s=today"
"CHANDRAYAAN 3","chandrayaan 3","https://coinsniper.net/coin/53117?k=49875&s=today"
"BROK","Brokie Token","https://coinsniper.net/coin/53118?k=49876&s=today"
"DAX","DAXCoin","https://coinsniper.net/coin/53119?k=49877&s=today"
"BABYSHIA","BabyShia","https://coinsniper.net/coin/53120?k=49878&s=today"
"CR","Cheems Reborn","https://coinsniper.net/coin/53121?k=49879&s=today"
"NCINU","NuCoinInu","https://coinsniper.net/coin/53122?k=49880&s=today"
"TRUMPX","Trump Army BSC Official","https://coinsniper.net/coin/53123?k=49881&s=today"
"GEN","Generic Coin","https://coinsniper.net/coin/53124?k=49882&s=today"
"SELF","SelfToken","https://coinsniper.net/coin/53125?k=49883&s=today"
"NVIDIA","Nvidia","https://coinsniper.net/coin/53126?k=49884&s=today"
"PED","Ped Coin","https://coinsniper.net/coin/53127?k=49885&s=today"
"FINDLOVE","Lovvy","https://coinsniper.net/coin/53128?k=49886&s=today"
"FOXLY","FOXLY","https://coinsniper.net/coin/53129?k=49887&s=today"
"GGS","GILGAMESJ","https://coinsniper.net/coin/53130?k=49888&s=today"
"ELON PENNIS","Elon pennis","https://coinsniper.net/coin/53131?k=49889&s=today"
"FUCK AUNTY","Fuck aunty","https://coinsniper.net/coin/53132?k=49890&s=today"
"ELON PENNNNNIS","Elon pennnnis","https://coinsniper.net/coin/53133?k=49891&s=today"
"ELON PENNNNNIS","Elon pennnnnnis","https://coinsniper.net/coin/53134?k=49892&s=today"
"ELON PENNNNNNIS","Elon pennnnnnnis","https://coinsniper.net/coin/53135?k=49893&s=today"
"HEDGE","UNIHEDGE","https://coinsniper.net/coin/53136?k=49894&s=today"
"XKONG","X-Kong","https://coinsniper.net/coin/53137?k=49895&s=today"
"SAFTP","SAFTP","https://coinsniper.net/coin/53138?k=49896&s=today"
"ELON 1","Elon 1","https://coinsniper.net/coin/53140?k=49897&s=today"
"ELON 2","Elon 2","https://coinsniper.net/coin/53141?k=49898&s=today"
"ELON 3","Elon 3","https://coinsniper.net/coin/53142?k=49899&s=today"
"ELON 4","Elon 4","https://coinsniper.net/coin/53143?k=49900&s=today"