"listing-symbol","listing-name","Links"
"WTRADE","WalterTrade","https://coinsniper.net/coin/1951?k=10201&s=today"
"MSC","Mansioncash","https://coinsniper.net/coin/1952?k=10202&s=today"
"TMT","TheMoneyTeam","https://coinsniper.net/coin/1953?k=10203&s=today"
"RAGE","LUNARAGE","https://coinsniper.net/coin/1954?k=10204&s=today"
"BALLBAG","Ballbag Token","https://coinsniper.net/coin/1955?k=10205&s=today"
"FAIR","Fair Stake","https://coinsniper.net/coin/1956?k=10206&s=today"
"MSF","MoonStakeFarm","https://coinsniper.net/coin/1957?k=10207&s=today"
"TOUR","Tour Token","https://coinsniper.net/coin/1958?k=10208&s=today"
"KROWN","KROWN","https://coinsniper.net/coin/1959?k=10209&s=today"
"SMD","Scrooge McDuck","https://coinsniper.net/coin/1960?k=10210&s=today"
"SAVECW","SaveCryptoWorld","https://coinsniper.net/coin/1961?k=10211&s=today"
"XTC","iTicket BSC","https://coinsniper.net/coin/1962?k=10212&s=today"
"DC","DOGECALM","https://coinsniper.net/coin/1963?k=10213&s=today"
"GMF","GamifyToken","https://coinsniper.net/coin/1964?k=10214&s=today"
"BSHIB","Black Shiba Inu","https://coinsniper.net/coin/1965?k=10215&s=today"
"DV","Doge Venom","https://coinsniper.net/coin/1966?k=10216&s=today"
"CAMOON","Captain Moon","https://coinsniper.net/coin/1967?k=10217&s=today"
"BNB SHOUT","BNB Shout","https://coinsniper.net/coin/1968?k=10218&s=today"
"AIDI","Aidi Finance","https://coinsniper.net/coin/1969?k=10219&s=today"
"KITY","KITY","https://coinsniper.net/coin/1970?k=10220&s=today"
"DOGA","DOGA","https://coinsniper.net/coin/1971?k=10221&s=today"
"BLUE","BLUE HYPER","https://coinsniper.net/coin/1972?k=10222&s=today"
"ND","NEKODREAM","https://coinsniper.net/coin/1973?k=10223&s=today"
"BSSF","BusinessFinance","https://coinsniper.net/coin/1974?k=10224&s=today"
"COKE","MoonDust","https://coinsniper.net/coin/1976?k=10225&s=today"
"UNIROCKET","Unirocket","https://coinsniper.net/coin/1977?k=10226&s=today"
"WOC","WoCao Coin","https://coinsniper.net/coin/1978?k=10227&s=today"
"BLESS","Bless","https://coinsniper.net/coin/1979?k=10228&s=today"
"BT","Bozkurt Token","https://coinsniper.net/coin/1980?k=10229&s=today"
"CBE","CryptoBubble","https://coinsniper.net/coin/1981?k=10230&s=today"
"SKRT","SkyRocket","https://coinsniper.net/coin/1982?k=10231&s=today"
"MASCOT","MASCOT","https://coinsniper.net/coin/1983?k=10232&s=today"
"TSUK","Tsukuyomi Token","https://coinsniper.net/coin/1984?k=10233&s=today"
"GEX","GEMEXCHANGE","https://coinsniper.net/coin/1986?k=10234&s=today"
"ZLD","Zombieland Finance","https://coinsniper.net/coin/1987?k=10235&s=today"
"TNMX","Tokenomix","https://coinsniper.net/coin/1988?k=10236&s=today"
"MARS","Mars Token","https://coinsniper.net/coin/1989?k=10237&s=today"
"CAVA","Cavapoo","https://coinsniper.net/coin/1990?k=10238&s=today"
"ONION","Overcooked Farm","https://coinsniper.net/coin/1991?k=10239&s=today"
"MARTIAN","Space Martian","https://coinsniper.net/coin/1992?k=10240&s=today"
"SMGM","SMEGMARS","https://coinsniper.net/coin/1993?k=10241&s=today"
"CASVEG","Casino Vegas","https://coinsniper.net/coin/1994?k=10242&s=today"
"SBN","ShibaBingo","https://coinsniper.net/coin/1995?k=10243&s=today"
"BTCOINS","BTcoins Finance","https://coinsniper.net/coin/1996?k=10244&s=today"
"SITS","Sword in the Stone","https://coinsniper.net/coin/1997?k=10245&s=today"
"RPX","RockPaperX","https://coinsniper.net/coin/1998?k=10246&s=today"
"RAFF","Raffle Investments","https://coinsniper.net/coin/1999?k=10247&s=today"
"COE","CollieBSC","https://coinsniper.net/coin/2000?k=10248&s=today"
"LEAF","LEAF","https://coinsniper.net/coin/2001?k=10249&s=today"
"DAC","DACoin","https://coinsniper.net/coin/2002?k=10250&s=today"