"listing-symbol","listing-name","Links"
"(EN) @INTDOGE","(EN) @IntDoge","https://coinsniper.net/coin/56766?k=53201&s=today"
"BCD","Blocknode","https://coinsniper.net/coin/56767?k=53202&s=today"
"HNT","Hunt NFT","https://coinsniper.net/coin/56768?k=53203&s=today"
"MACHI","Machi Inu","https://coinsniper.net/coin/56769?k=53204&s=today"
"BTC","Elite global","https://coinsniper.net/coin/56771?k=53205&s=today"
"UNIGROK","UNIGROK","https://coinsniper.net/coin/56772?k=53206&s=today"
"PEPE","Pepe","https://coinsniper.net/coin/56773?k=53207&s=today"
"GMP","GamePot","https://coinsniper.net/coin/56774?k=53208&s=today"
"KGROK","KING GROK","https://coinsniper.net/coin/56775?k=53209&s=today"
"DGN","Dogeon","https://coinsniper.net/coin/56776?k=53210&s=today"
"SWI","SafeWard AI","https://coinsniper.net/coin/56777?k=53211&s=today"
"BIT","BitGuild","https://coinsniper.net/coin/56778?k=53212&s=today"
"TEN","Tendies","https://coinsniper.net/coin/56779?k=53213&s=today"
"TSLA","TESLA","https://coinsniper.net/coin/56780?k=53214&s=today"
"PANDA","Red panda token","https://coinsniper.net/coin/56781?k=53215&s=today"
"GTA6RP","GTA RP Token","https://coinsniper.net/coin/56782?k=53216&s=today"
"XSP","XSPACE","https://coinsniper.net/coin/56783?k=53217&s=today"
"MART","Smart Staking","https://coinsniper.net/coin/56785?k=53218&s=today"
"USDC","USDC","https://coinsniper.net/coin/56786?k=53219&s=today"
"HPB","HoHo PAPA BEAR","https://coinsniper.net/coin/56787?k=53220&s=today"
"PPEPE","Pinkpepe","https://coinsniper.net/coin/56788?k=53221&s=today"
"THE","Theta Arena","https://coinsniper.net/coin/56789?k=53222&s=today"
"RP","R Planet","https://coinsniper.net/coin/56790?k=53223&s=today"
"CYBERGROK","CyberGrok","https://coinsniper.net/coin/56791?k=53224&s=today"
"SCOPE","scope","https://coinsniper.net/coin/56792?k=53225&s=today"
"USA (IDGE)","USA (IDGE)","https://coinsniper.net/coin/56793?k=53226&s=today"
"XTRACK","Xtrack","https://coinsniper.net/coin/56794?k=53227&s=today"
"BSC","Ibrahim opeyemi wasiu","https://coinsniper.net/coin/56795?k=53228&s=today"
"BSC","Bsc","https://coinsniper.net/coin/56796?k=53229&s=today"
"ELNCO","ElonCoke","https://coinsniper.net/coin/56797?k=53230&s=today"
"JXL","JXL","https://coinsniper.net/coin/56798?k=53231&s=today"
"DOGEAI","Doge-Ai","https://coinsniper.net/coin/56799?k=53232&s=today"
"USDT","Teller USD","https://coinsniper.net/coin/56800?k=53233&s=today"
"PEPSLA","Pepsla","https://coinsniper.net/coin/56801?k=53234&s=today"
"KITSUNE","KITSUNE","https://coinsniper.net/coin/56802?k=53235&s=today"
"OKAMI","OKAMI AI","https://coinsniper.net/coin/56803?k=53236&s=today"
"XMAR","XmarToken","https://coinsniper.net/coin/56804?k=53237&s=today"
"NEWG","NewGold","https://coinsniper.net/coin/56805?k=53238&s=today"
"SOG","Son of grok","https://coinsniper.net/coin/56806?k=53239&s=today"
"XFN","XFuzion.finance","https://coinsniper.net/coin/56807?k=53240&s=today"
"SQUID","Squid Game","https://coinsniper.net/coin/56808?k=53241&s=today"
"GSM","GameStop Memes","https://coinsniper.net/coin/56809?k=53242&s=today"
"FLKM","Flokium","https://coinsniper.net/coin/56810?k=53243&s=today"
"SCRIBE","Winscribe","https://coinsniper.net/coin/56811?k=53244&s=today"
"LIONKING","LionKing","https://coinsniper.net/coin/56812?k=53245&s=today"
"DK","Donkey King","https://coinsniper.net/coin/56815?k=53246&s=today"
"BASALT","BASALT COIN","https://coinsniper.net/coin/56816?k=53247&s=today"
"LELE","LELE","https://coinsniper.net/coin/56817?k=53248&s=today"
"ATF","Alion Tech Food","https://coinsniper.net/coin/56818?k=53249&s=today"
"GROK","GROK BULLISH","https://coinsniper.net/coin/56819?k=53250&s=today"