"listing-symbol","listing-name","Links"
"SMG","SafeMoon Grow","https://coinsniper.net/coin/45764?k=34801&s=today"
"POP","PopPopeye","https://coinsniper.net/coin/45765?k=34802&s=today"
"BET","The Bet","https://coinsniper.net/coin/45766?k=34803&s=today"
"WED","Wednesday Token","https://coinsniper.net/coin/45767?k=34804&s=today"
"MODERN AI","Modern Ai","https://coinsniper.net/coin/45768?k=34805&s=today"
"LUCKY","LUCKY INU","https://coinsniper.net/coin/45769?k=34806&s=today"
"SHIBERA","Shiba Era","https://coinsniper.net/coin/45770?k=34807&s=today"
"MIKUEO","MikawaInu Ceo","https://coinsniper.net/coin/45771?k=34808&s=today"
"SAFEMIAU","SafeMiau","https://coinsniper.net/coin/45772?k=34809&s=today"
"STETH","ethervaults.com","https://coinsniper.net/coin/45773?k=34810&s=today"
"SIGT","Shiba Inu Got Talent","https://coinsniper.net/coin/45774?k=34811&s=today"
"MONKEYS","MONKEYS","https://coinsniper.net/coin/45775?k=34812&s=today"
"RABBIT","GangsRabbit","https://coinsniper.net/coin/45776?k=34813&s=today"
"MPOW","Maker Empower Token","https://coinsniper.net/coin/45777?k=34814&s=today"
"CEOS","CEOS SWAP","https://coinsniper.net/coin/45778?k=34815&s=today"
"CEOS","CEOS","https://coinsniper.net/coin/45779?k=34816&s=today"
"GMC","GEMCOIN","https://coinsniper.net/coin/45780?k=34817&s=today"
"FIRE","Fire Token","https://coinsniper.net/coin/45782?k=34818&s=today"
"MM","Moon Monkeys","https://coinsniper.net/coin/45783?k=34819&s=today"
"ETD","Eat The Drip","https://coinsniper.net/coin/45784?k=34820&s=today"
"TRIBE","TRIBEX","https://coinsniper.net/coin/45785?k=34821&s=today"
"MURATI AI","Murati AI","https://coinsniper.net/coin/45786?k=34822&s=today"
"WARC","WARC","https://coinsniper.net/coin/45787?k=34823&s=today"
"DOJO","Dojo AI","https://coinsniper.net/coin/45788?k=34824&s=today"
"ARBTETH","Arbteth","https://coinsniper.net/coin/45789?k=34825&s=today"
"BETX","Betix","https://coinsniper.net/coin/45791?k=34826&s=today"
"PULSEFOLIO","PULSEFOLIO","https://coinsniper.net/coin/45792?k=34827&s=today"
"DCB","Decentra Block","https://coinsniper.net/coin/45793?k=34828&s=today"
"ELONMUSKCEO","Elon Musk CEO","https://coinsniper.net/coin/45794?k=34829&s=today"
"DRAGON","Dragon Dex","https://coinsniper.net/coin/45795?k=34830&s=today"
"CFXKING","CFX King","https://coinsniper.net/coin/45796?k=34831&s=today"
"NET","NetBorn","https://coinsniper.net/coin/45797?k=34832&s=today"
"ARMU","Arbitrum Museum","https://coinsniper.net/coin/45798?k=34833&s=today"
"LAST","Lastchain","https://coinsniper.net/coin/45799?k=34834&s=today"
"DELT","Deltin","https://coinsniper.net/coin/45800?k=34835&s=today"
"AMS","Axes Metaverse","https://coinsniper.net/coin/45802?k=34836&s=today"
"FLOKI-1","FLOKI-1","https://coinsniper.net/coin/45803?k=34837&s=today"
"CMY","Ceo Monkey","https://coinsniper.net/coin/45804?k=34838&s=today"
"SHIKINU","Shikoku Inu","https://coinsniper.net/coin/45806?k=34839&s=today"
"LUFFYOP","Luffy op","https://coinsniper.net/coin/45807?k=34840&s=today"
"BUSD","Hodlaires","https://coinsniper.net/coin/45808?k=34841&s=today"
"NATION","NATION","https://coinsniper.net/coin/45809?k=34842&s=today"
"DSD","DriveShare Dao","https://coinsniper.net/coin/45810?k=34843&s=today"
"HADA","Hacienda","https://coinsniper.net/coin/45811?k=34844&s=today"
"YAKI","SICK YAKI","https://coinsniper.net/coin/45812?k=34845&s=today"
"DLX","Dollox Network","https://coinsniper.net/coin/45813?k=34846&s=today"
"MAD","Monkey Madness","https://coinsniper.net/coin/45814?k=34847&s=today"
"INTERNEETDOGEUS","InterneetDogeUS","https://coinsniper.net/coin/45815?k=34848&s=today"
"BABYCS","BABY CHILD SUPPORT","https://coinsniper.net/coin/45816?k=34849&s=today"
"COESSWAP","CEOS SWAP","https://coinsniper.net/coin/45817?k=34850&s=today"