"listing-symbol","listing-name","Links"
"FOOTBALLFLOKI","FootballFloki","https://coinsniper.net/coin/14949?k=47451&s=today"
"FFS","Floki Fire Sacrifice","https://coinsniper.net/coin/14950?k=47452&s=today"
"ROCK✰FLOKI","Rockstar Floki","https://coinsniper.net/coin/14951?k=47453&s=today"
"GRIMES","FlokiGrimes","https://coinsniper.net/coin/14952?k=47454&s=today"
"ROBOT","I AM NOT A ROBOT","https://coinsniper.net/coin/14953?k=47455&s=today"
"MINERS","Miners DeFi","https://coinsniper.net/coin/14954?k=47456&s=today"
"ANACONDA","AnaconDA","https://coinsniper.net/coin/14955?k=47457&s=today"
"PHDX","ProjectHyperDriveX","https://coinsniper.net/coin/14956?k=47458&s=today"
"FOREVERHYPE","ForeverHype","https://coinsniper.net/coin/14957?k=47459&s=today"
"MMT","MINI MATIC","https://coinsniper.net/coin/14958?k=47460&s=today"
"ARCHA","ArchAngel Token","https://coinsniper.net/coin/14959?k=47461&s=today"
"BSHIBA","Buff Shiba Coin","https://coinsniper.net/coin/14960?k=47462&s=today"
"DIGIEMON","Digital Binance Monster","https://coinsniper.net/coin/14961?k=47463&s=today"
"AHA","Alpha Launchpad","https://coinsniper.net/coin/14962?k=47464&s=today"
"BCOIN","Bomber Coin","https://coinsniper.net/coin/14963?k=47465&s=today"
"2CHAINLINKS","2 Chains","https://coinsniper.net/coin/14964?k=47466&s=today"
"BABYFLOKICOIN","BabyFlokiCoin","https://coinsniper.net/coin/14965?k=47467&s=today"
"ATOM","Atom Protocol","https://coinsniper.net/coin/14966?k=47468&s=today"
"KRL","Kart Racing League","https://coinsniper.net/coin/14967?k=47469&s=today"
"DOXXDEV","DoxxedDEV","https://coinsniper.net/coin/14968?k=47470&s=today"
"KLAYME","Klayme Token","https://coinsniper.net/coin/14969?k=47471&s=today"
"MYFARMPET","My Farm Pet","https://coinsniper.net/coin/14970?k=47472&s=today"
"WE","Wanda.Exchange","https://coinsniper.net/coin/14971?k=47473&s=today"
"FOREVERFOMOX","ForeverFomoX","https://coinsniper.net/coin/14972?k=47474&s=today"
"RNK","Rocket Network","https://coinsniper.net/coin/14973?k=47475&s=today"
"CLOWNGAME","ClownGameToken","https://coinsniper.net/coin/14974?k=47476&s=today"
"REDAKITA","RedAkita","https://coinsniper.net/coin/14975?k=47477&s=today"
"TFL","ThanosFloki","https://coinsniper.net/coin/14976?k=47478&s=today"
"SED","BarCoin","https://coinsniper.net/coin/14977?k=47479&s=today"
"FOREVERSAFE","ForeverSafe","https://coinsniper.net/coin/14978?k=47480&s=today"
"BASKET","Basket Inu","https://coinsniper.net/coin/14979?k=47481&s=today"
"PBC","Pitbullcoin","https://coinsniper.net/coin/14980?k=47482&s=today"
"MPRO","Manager PRO","https://coinsniper.net/coin/14981?k=47483&s=today"
"REDFLOKI","RedFloki","https://coinsniper.net/coin/14982?k=47484&s=today"
"HIKARU","Hikaru","https://coinsniper.net/coin/14983?k=47485&s=today"
"GANGSTERPUNKS","Gangster Punks NFT","https://coinsniper.net/coin/14984?k=47486&s=today"
"HAPPY","bc1qtk9pnmupc7mevft5vzge4l0y70ky9sa942wmju","https://coinsniper.net/coin/14985?k=47487&s=today"
"ROAD","Yellow Road","https://coinsniper.net/coin/14987?k=47488&s=today"
"SJ","ShibJamaica","https://coinsniper.net/coin/14988?k=47489&s=today"
"BABYDBOSS","Baby Doge Boss","https://coinsniper.net/coin/14989?k=47490&s=today"
"SYCI","SynthCity","https://coinsniper.net/coin/14990?k=47491&s=today"
"DUNA","DUNA FUN TOKEN","https://coinsniper.net/coin/14991?k=47492&s=today"
"WLV","Wolverine","https://coinsniper.net/coin/14992?k=47493&s=today"
"LOSTKISHU","LOST KISHU 🔥","https://coinsniper.net/coin/14993?k=47494&s=today"
"SLYR","Rug Slayer","https://coinsniper.net/coin/14994?k=47495&s=today"
"FES","FEStoken","https://coinsniper.net/coin/14995?k=47496&s=today"
"NEONINU","Neon Inu","https://coinsniper.net/coin/14996?k=47497&s=today"
"CHISAIDOGEII","ChisaiDoge II","https://coinsniper.net/coin/14997?k=47498&s=today"
"LAMBO","WEN LAMBO","https://coinsniper.net/coin/14998?k=47499&s=today"
"FI","TemFi","https://coinsniper.net/coin/14999?k=47500&s=today"