"listing-symbol","listing-name","Links"
"GODSHI","Gods of Shiba","https://coinsniper.net/coin/19463?k=2701&s=today"
"420","FTM420","https://coinsniper.net/coin/19464?k=2702&s=today"
"COVID","COVID19","https://coinsniper.net/coin/19465?k=2703&s=today"
"METAS","META SPACE","https://coinsniper.net/coin/19467?k=2704&s=today"
"MEGALAND","METAGALAXY LAND","https://coinsniper.net/coin/19468?k=2705&s=today"
"FGROW","ForeverGrow","https://coinsniper.net/coin/19469?k=2706&s=today"
"REDU","Reduced Lunch","https://coinsniper.net/coin/19470?k=2707&s=today"
"BABYMETA","Baby Meta","https://coinsniper.net/coin/19471?k=2708&s=today"
"ZARD","FireZard","https://coinsniper.net/coin/19472?k=2709&s=today"
"RIFT","Rift","https://coinsniper.net/coin/19473?k=2710&s=today"
"STEALTHBUSD","STEALTHBUSD","https://coinsniper.net/coin/19474?k=2711&s=today"
"URAMESHI","Urameshi Inu","https://coinsniper.net/coin/19475?k=2712&s=today"
"MTF","Metallica Floki","https://coinsniper.net/coin/19476?k=2713&s=today"
"MSD","Meta Squid Doge","https://coinsniper.net/coin/19477?k=2714&s=today"
"MCORGI","META CORGI","https://coinsniper.net/coin/19478?k=2715&s=today"
"HYP","HyperShiba","https://coinsniper.net/coin/19479?k=2716&s=today"
"SUT","Shibup","https://coinsniper.net/coin/19480?k=2717&s=today"
"LMOON","Laika Moon","https://coinsniper.net/coin/19481?k=2718&s=today"
"GOOFYDOGE","GoofyDoge","https://coinsniper.net/coin/19482?k=2719&s=today"
"HRTHRT","546456","https://coinsniper.net/coin/19483?k=2720&s=today"
"TMC","TRUSTMECOIN","https://coinsniper.net/coin/19484?k=2721&s=today"
"POP","POP Token","https://coinsniper.net/coin/19485?k=2722&s=today"
"RICARDO","RicardoMilos","https://coinsniper.net/coin/19486?k=2723&s=today"
"EG","EGOIST","https://coinsniper.net/coin/19487?k=2724&s=today"
"PSHIB","PepsiShiba","https://coinsniper.net/coin/19488?k=2725&s=today"
"SAVEAMAZON","SaveAmazon","https://coinsniper.net/coin/19489?k=2726&s=today"
"BUSHIDO","Bushido","https://coinsniper.net/coin/19490?k=2727&s=today"
"META","Meta Reward","https://coinsniper.net/coin/19491?k=2728&s=today"
"KRAKENSQUID","KrakenSquid","https://coinsniper.net/coin/19492?k=2729&s=today"
"VIBE","Vibe Token","https://coinsniper.net/coin/19493?k=2730&s=today"
"MVS","Metaverse Sagas","https://coinsniper.net/coin/19494?k=2731&s=today"
"BOSU","BOSU INU","https://coinsniper.net/coin/19495?k=2732&s=today"
"LPF","LEOPARDFINANCE","https://coinsniper.net/coin/19497?k=2733&s=today"
"DFSG","DFSocial Gaming","https://coinsniper.net/coin/19498?k=2734&s=today"
"THE SANDBOX","The Sandbox NFT","https://coinsniper.net/coin/19501?k=2735&s=today"
"SUCCI","Shibucci","https://coinsniper.net/coin/19502?k=2736&s=today"
"AVAXUP","AvaxUP","https://coinsniper.net/coin/19503?k=2737&s=today"
"SHRINE","💥 Shrine Legacy Game 💥","https://coinsniper.net/coin/19504?k=2738&s=today"
"ABNB","AIRBNB","https://coinsniper.net/coin/19505?k=2739&s=today"
"PST","Polestar token","https://coinsniper.net/coin/19506?k=2740&s=today"
"DEATH STAR","Death Star","https://coinsniper.net/coin/19507?k=2741&s=today"
"DC","David Coin","https://coinsniper.net/coin/19508?k=2742&s=today"
"HGT","Hydrogentoken","https://coinsniper.net/coin/19509?k=2743&s=today"
"SHIBAC","SHIBACCA","https://coinsniper.net/coin/19510?k=2744&s=today"
"MEGO","MetaGo Universe","https://coinsniper.net/coin/19512?k=2745&s=today"
"SB","SantaBoy","https://coinsniper.net/coin/19513?k=2746&s=today"
"UDF","United Doge Force","https://coinsniper.net/coin/19514?k=2747&s=today"
"WFLO","Wind Floki Inu","https://coinsniper.net/coin/19515?k=2748&s=today"
"SX456","Squid X456","https://coinsniper.net/coin/19516?k=2749&s=today"
"INSP","InSpace","https://coinsniper.net/coin/19517?k=2750&s=today"