"listing-symbol","listing-name","Links"
"NARUTO","Naruto Inu","https://coinsniper.net/coin/19572?k=2801&s=today"
"HCOIN","HarleyCoin","https://coinsniper.net/coin/19573?k=2802&s=today"
"ETGL","EternalGirl","https://coinsniper.net/coin/19574?k=2803&s=today"
"NFTPUZZLE","NFTPuzzle","https://coinsniper.net/coin/19575?k=2804&s=today"
"META","META FINACE","https://coinsniper.net/coin/19576?k=2805&s=today"
"ET","Ether Terrestrial","https://coinsniper.net/coin/19577?k=2806&s=today"
"LGBC","Lets Go Brandon Coin","https://coinsniper.net/coin/19578?k=2807&s=today"
"RREWARDS","Rocket Rewards","https://coinsniper.net/coin/19579?k=2808&s=today"
"BOOST","CrypTorch Boost","https://coinsniper.net/coin/19580?k=2809&s=today"
"NFTGLX","NFT GALAXY","https://coinsniper.net/coin/19581?k=2810&s=today"
"HAMIKU","Miku Coin","https://coinsniper.net/coin/19582?k=2811&s=today"
"ABT","AngryBirdsBSC","https://coinsniper.net/coin/19583?k=2812&s=today"
"UFOS","UFOSHIBA","https://coinsniper.net/coin/19584?k=2813&s=today"
"BCI","Babycheemsinu","https://coinsniper.net/coin/19585?k=2814&s=today"
"ISIM","iSim","https://coinsniper.net/coin/19586?k=2815&s=today"
"LLG","LucidLandsGem","https://coinsniper.net/coin/19587?k=2816&s=today"
"FXI","Foxie Inu","https://coinsniper.net/coin/19588?k=2817&s=today"
"DOGEGIVING","DogeGiving","https://coinsniper.net/coin/19589?k=2818&s=today"
"2022M","2022Moon","https://coinsniper.net/coin/19590?k=2819&s=today"
"DDM","Dry Doge Metaverse","https://coinsniper.net/coin/19591?k=2820&s=today"
"ESHIBA","ElonSHIBA Inu","https://coinsniper.net/coin/19592?k=2821&s=today"
"RADSHIBA","RadShiba","https://coinsniper.net/coin/19593?k=2822&s=today"
"ATH","All Time High","https://coinsniper.net/coin/19594?k=2823&s=today"
"SQUIRTINU","SQUIRTLE INU","https://coinsniper.net/coin/19595?k=2824&s=today"
"LCT","LionCoin","https://coinsniper.net/coin/19596?k=2825&s=today"
"FPAY","FlokiPay","https://coinsniper.net/coin/19597?k=2826&s=today"
"OKS","OKITO SHIBA","https://coinsniper.net/coin/19598?k=2827&s=today"
"YOSI","YOI SHIBA INU","https://coinsniper.net/coin/19599?k=2828&s=today"
"BOND","Bond Token","https://coinsniper.net/coin/19600?k=2829&s=today"
"PANTHERBSC","Pantherbsc","https://coinsniper.net/coin/19601?k=2830&s=today"
"YOMI","Mini Yooshie","https://coinsniper.net/coin/19602?k=2831&s=today"
"FREAM","FlokiDream","https://coinsniper.net/coin/19603?k=2832&s=today"
"GAMERS","GamerNetwork","https://coinsniper.net/coin/19604?k=2833&s=today"
"TOOTHBRUSHBSC","ToothBrushBsc","https://coinsniper.net/coin/19605?k=2834&s=today"
"BOOST","BoostFinance","https://coinsniper.net/coin/19606?k=2835&s=today"
"PGIRL","Panda Girl","https://coinsniper.net/coin/19607?k=2836&s=today"
"SANTABONK","SantaBonk","https://coinsniper.net/coin/19608?k=2837&s=today"
"HD","Humility Doge","https://coinsniper.net/coin/19609?k=2838&s=today"
"RUG","Rugged Roped","https://coinsniper.net/coin/19610?k=2839&s=today"
"RING","RING","https://coinsniper.net/coin/19611?k=2840&s=today"
"KERRY","KerryCoin","https://coinsniper.net/coin/19612?k=2841&s=today"
"MMT","MastermindToken","https://coinsniper.net/coin/19613?k=2842&s=today"
"MTM","MarsToMoon","https://coinsniper.net/coin/19614?k=2843&s=today"
"LUX","Luxury Club Token","https://coinsniper.net/coin/19615?k=2844&s=today"
"ELONHUMILITY","elonisbestathumility","https://coinsniper.net/coin/19616?k=2845&s=today"
"KO","King Optimus","https://coinsniper.net/coin/19617?k=2846&s=today"
"BLUX","Beluxuria","https://coinsniper.net/coin/19618?k=2847&s=today"
"FRS","FlokiRaiders","https://coinsniper.net/coin/19619?k=2848&s=today"
"GMMOON","GMMOON","https://coinsniper.net/coin/19620?k=2849&s=today"
"SOLAR","Solarmine","https://coinsniper.net/coin/19621?k=2850&s=today"