"listing-symbol","listing-name","Links"
"AKT","Astro Kitty Token","https://coinsniper.net/coin/27945?k=27301&s=today"
"ENVT","Enevti","https://coinsniper.net/coin/27946?k=27302&s=today"
"WW3","WorldWar3","https://coinsniper.net/coin/27947?k=27303&s=today"
"APEU","Ape Universe","https://coinsniper.net/coin/27948?k=27304&s=today"
"PUPPYCOIN","PuppyCoin","https://coinsniper.net/coin/27949?k=27305&s=today"
"TRS","SWAGGER SQUAD NFTS","https://coinsniper.net/coin/27950?k=27306&s=today"
"YCAT","Yacht Cat","https://coinsniper.net/coin/27951?k=27307&s=today"
"CAT","CATCOIN","https://coinsniper.net/coin/27952?k=27308&s=today"
"ZORO","Zoro Inu","https://coinsniper.net/coin/27953?k=27309&s=today"
"PUR","Purfect Network","https://coinsniper.net/coin/27954?k=27310&s=today"
"STMA","Scottishmeta","https://coinsniper.net/coin/27955?k=27311&s=today"
"KGC","KGC Token","https://coinsniper.net/coin/27956?k=27312&s=today"
"GENSHIN","Genshin Impact","https://coinsniper.net/coin/27957?k=27313&s=today"
"ROJ","Russian Oligarch Jets","https://coinsniper.net/coin/27958?k=27314&s=today"
"SKYDOGE","SKY DOGE COIN","https://coinsniper.net/coin/27959?k=27315&s=today"
"SKG","SoyKingGame","https://coinsniper.net/coin/27960?k=27316&s=today"
"SHIT","NFTshit","https://coinsniper.net/coin/27961?k=27317&s=today"
"C17H21NO4","CroCaine","https://coinsniper.net/coin/27962?k=27318&s=today"
"KISHUKA","KISHUKA","https://coinsniper.net/coin/27963?k=27319&s=today"
"PZOO","ParticleZoo","https://coinsniper.net/coin/27964?k=27320&s=today"
"LGBTQ","LGBTQ COIN","https://coinsniper.net/coin/27965?k=27321&s=today"
"CRML","Caramel","https://coinsniper.net/coin/27966?k=27322&s=today"
"STATE","New World Order","https://coinsniper.net/coin/27967?k=27323&s=today"
"FM","FairCheems","https://coinsniper.net/coin/27968?k=27324&s=today"
"CATLOVER","CatLover","https://coinsniper.net/coin/27969?k=27325&s=today"
"BABYTELEVERSE","BabyTeleverse","https://coinsniper.net/coin/27970?k=27326&s=today"
"POMO","POMO","https://coinsniper.net/coin/27971?k=27327&s=today"
"ACT","AceticProtocol","https://coinsniper.net/coin/27972?k=27328&s=today"
"CDL","Candle","https://coinsniper.net/coin/27973?k=27329&s=today"
"HOLM","HOLM","https://coinsniper.net/coin/27974?k=27330&s=today"
"PWORLD","Peaceworld","https://coinsniper.net/coin/27975?k=27331&s=today"
"SFU","Safeukraine","https://coinsniper.net/coin/27976?k=27332&s=today"
"NAGI","Izanagi","https://coinsniper.net/coin/27977?k=27333&s=today"
"SPUEME","Spueme","https://coinsniper.net/coin/27978?k=27334&s=today"
"HXW","HorsesxWolves","https://coinsniper.net/coin/27979?k=27335&s=today"
"BABYM31","BabyM31","https://coinsniper.net/coin/27980?k=27336&s=today"
"CC","Croc Coin","https://coinsniper.net/coin/27981?k=27337&s=today"
"MEVER","MegaVerse","https://coinsniper.net/coin/27982?k=27338&s=today"
"CFS2","Crypto Finance Swap","https://coinsniper.net/coin/27983?k=27339&s=today"
"PWP","Paywind Pay","https://coinsniper.net/coin/27984?k=27340&s=today"
"MSF","Meta Shooting Fish","https://coinsniper.net/coin/27985?k=27341&s=today"
"SHIBARMY","shibArmy","https://coinsniper.net/coin/27986?k=27342&s=today"
"PEARLS","Black Desert Online","https://coinsniper.net/coin/27987?k=27343&s=today"
"HELPUKR","HELPUKRAINCOIN","https://coinsniper.net/coin/27988?k=27344&s=today"
"ANM","ANIMOON","https://coinsniper.net/coin/27989?k=27345&s=today"
"CHAR","Gundam Token","https://coinsniper.net/coin/27990?k=27346&s=today"
"FRAK","Fraktal","https://coinsniper.net/coin/27992?k=27347&s=today"
"BOBCAT","BobCat","https://coinsniper.net/coin/27993?k=27348&s=today"
"WOXO","OXO Chain","https://coinsniper.net/coin/27994?k=27349&s=today"
"LUCHA","Lucky Charms","https://coinsniper.net/coin/27995?k=27350&s=today"