"listing-symbol","listing-name","Links"
"CTN","Children’s Token","https://coinsniper.net/coin/9315?k=41951&s=today"
"PLX","OCTAPLEX NETWORK","https://coinsniper.net/coin/9316?k=41952&s=today"
"AUTOC98","AUTOC98","https://coinsniper.net/coin/9317?k=41953&s=today"
"DOLPH","NorthDolphins","https://coinsniper.net/coin/9319?k=41954&s=today"
"EUNI","Earn Uni","https://coinsniper.net/coin/9320?k=41955&s=today"
"DADDYCAKE","DaddyCake","https://coinsniper.net/coin/9321?k=41956&s=today"
"MELO","Melo Token","https://coinsniper.net/coin/9323?k=41957&s=today"
"ARTINU","Art Inu","https://coinsniper.net/coin/9324?k=41958&s=today"
"BABYPOO","BabyShit","https://coinsniper.net/coin/9325?k=41959&s=today"
"BABYBURGER","BabyBurger","https://coinsniper.net/coin/9326?k=41960&s=today"
"DOMCOIN","DOMCOIN","https://coinsniper.net/coin/9327?k=41961&s=today"
"HOGAN","Hokkhogan","https://coinsniper.net/coin/9328?k=41962&s=today"
"SCORPIO","Scorpio DeFi","https://coinsniper.net/coin/9329?k=41963&s=today"
"KBD","KingBabyDoge","https://coinsniper.net/coin/9330?k=41964&s=today"
"BABYLTC","Baby LTC","https://coinsniper.net/coin/9331?k=41965&s=today"
"BKDG","BARKING DOGE","https://coinsniper.net/coin/9332?k=41966&s=today"
"MERCURY","Planet Swap","https://coinsniper.net/coin/9333?k=41967&s=today"
"BABYED","BabyEtherDoge","https://coinsniper.net/coin/9334?k=41968&s=today"
"RSHIBA","RaptorShiba","https://coinsniper.net/coin/9335?k=41969&s=today"
"CGT","CRYPTO GLITTERATI","https://coinsniper.net/coin/9336?k=41970&s=today"
"DGV","MiniDogeVader","https://coinsniper.net/coin/9338?k=41971&s=today"
"LIVEZIL","liveZILLIQA","https://coinsniper.net/coin/9339?k=41972&s=today"
"NASADOGE","Nasa Doge","https://coinsniper.net/coin/9340?k=41973&s=today"
"MOONDPET","MoonDPET","https://coinsniper.net/coin/9341?k=41974&s=today"
"UME","UME Token","https://coinsniper.net/coin/9342?k=41975&s=today"
"EFT","EFT Token","https://coinsniper.net/coin/9343?k=41976&s=today"
"SEQUOIA","SEQUOIA","https://coinsniper.net/coin/9344?k=41977&s=today"
"DRAGOMON","Dragomon","https://coinsniper.net/coin/9345?k=41978&s=today"
"DOGECAKE","DogeCake","https://coinsniper.net/coin/9346?k=41979&s=today"
"PDEXE","PrintDexe","https://coinsniper.net/coin/9347?k=41980&s=today"
"MIUINU","MiuInu Token","https://coinsniper.net/coin/9348?k=41981&s=today"
"LEOPARD","LeopardSwap Token","https://coinsniper.net/coin/9349?k=41982&s=today"
"RUGANOFF","RuganOFF","https://coinsniper.net/coin/9350?k=41983&s=today"
"SIB","Shiba Inu Boss","https://coinsniper.net/coin/9351?k=41984&s=today"
"LIVEADA","Liveada","https://coinsniper.net/coin/9352?k=41985&s=today"
"JPR","JaguarPower","https://coinsniper.net/coin/9353?k=41986&s=today"
"LIVEETH","LiveETH","https://coinsniper.net/coin/9354?k=41987&s=today"
"MIMA","MiniMatic","https://coinsniper.net/coin/9355?k=41988&s=today"
"ADAMINI","ADAMINI","https://coinsniper.net/coin/9356?k=41989&s=today"
"INR","Indian Rupee","https://coinsniper.net/coin/9357?k=41990&s=today"
"ALICE","AliceSwap","https://coinsniper.net/coin/9358?k=41991&s=today"
"CRDN","Cardence","https://coinsniper.net/coin/9359?k=41992&s=today"
"PASHIB","Papashiba","https://coinsniper.net/coin/9360?k=41993&s=today"
"DRAG","DragonReturn","https://coinsniper.net/coin/9361?k=41994&s=today"
"BMAG","BIG MAG","https://coinsniper.net/coin/9362?k=41995&s=today"
"PLAY","PolyPlay","https://coinsniper.net/coin/9363?k=41996&s=today"
"AUTOEQZ","Auto Equalizer","https://coinsniper.net/coin/9364?k=41997&s=today"
"MEOW","MiniNeko","https://coinsniper.net/coin/9365?k=41998&s=today"
"YOUTUBERS","Youtubers","https://coinsniper.net/coin/9366?k=41999&s=today"
"WCR","We care token","https://coinsniper.net/coin/9367?k=42000&s=today"