"listing-symbol","listing-name","Links"
"EFOMO","EthFomo","https://coinsniper.net/coin/15465?k=47951&s=today"
"DHV","DreamHaven","https://coinsniper.net/coin/15466?k=47952&s=today"
"BABYKISHUCAKE","BabyKishuCake","https://coinsniper.net/coin/15467?k=47953&s=today"
"ETHB","ETHBullz","https://coinsniper.net/coin/15468?k=47954&s=today"
"BABYKC","Baby Kishu Cake","https://coinsniper.net/coin/15469?k=47955&s=today"
"BABYUNI","BABYUNI","https://coinsniper.net/coin/15470?k=47956&s=today"
"WSCOIN","Wallstreet Coin","https://coinsniper.net/coin/15471?k=47957&s=today"
"FOMOBABY","FOMO BABY","https://coinsniper.net/coin/15472?k=47958&s=today"
"DLPN","Dolphin Token","https://coinsniper.net/coin/15473?k=47959&s=today"
"FOMOBABY","FOMO BABY","https://coinsniper.net/coin/15474?k=47960&s=today"
"AKITA","Akita NFT Game","https://coinsniper.net/coin/15476?k=47961&s=today"
"BFLOKI","BullishFloki","https://coinsniper.net/coin/15477?k=47962&s=today"
"ANTS","ANTHILL","https://coinsniper.net/coin/15478?k=47963&s=today"
"UPFOMO","ONLYUPFOMO","https://coinsniper.net/coin/15479?k=47964&s=today"
"GHOSTCAKE","GhostCake","https://coinsniper.net/coin/15480?k=47965&s=today"
"GIF","GIFCOIN","https://coinsniper.net/coin/15481?k=47966&s=today"
"CHEE","Cheetah Coin","https://coinsniper.net/coin/15482?k=47967&s=today"
"TOI","Toilet","https://coinsniper.net/coin/15483?k=47968&s=today"
"GUMMIE","Gummy Beans","https://coinsniper.net/coin/15484?k=47969&s=today"
"SPARK","Spark","https://coinsniper.net/coin/15485?k=47970&s=today"
"BDC","BidouilleCoin","https://coinsniper.net/coin/15486?k=47971&s=today"
"ADMC","Adamant","https://coinsniper.net/coin/15487?k=47972&s=today"
"DOGES","DogeSon","https://coinsniper.net/coin/15488?k=47973&s=today"
"CRYOGEN","CRYOGEN","https://coinsniper.net/coin/15490?k=47974&s=today"
"VARTIUM","VARTIUM","https://coinsniper.net/coin/15491?k=47975&s=today"
"DAGOAT","DaGoat","https://coinsniper.net/coin/15492?k=47976&s=today"
"ZEN","Zen","https://coinsniper.net/coin/15493?k=47977&s=today"
"GSY","Girl Story","https://coinsniper.net/coin/15494?k=47978&s=today"
"RBS","RobiniaSwap","https://coinsniper.net/coin/15495?k=47979&s=today"
"FOREVERUP","ForeverGoUp","https://coinsniper.net/coin/15496?k=47980&s=today"
"PAXIE","PUMPEDAXIEV2","https://coinsniper.net/coin/15497?k=47981&s=today"
"BALTO","Crypto Balto","https://coinsniper.net/coin/15498?k=47982&s=today"
"FIT","Fitcoin Protocol","https://coinsniper.net/coin/15499?k=47983&s=today"
"IMPACT","ImpacToken","https://coinsniper.net/coin/15500?k=47984&s=today"
"BONEFLOKI","BoneFloki","https://coinsniper.net/coin/15501?k=47985&s=today"
"MRB","Moon Rabbit","https://coinsniper.net/coin/15502?k=47986&s=today"
"SAIMARS","SailorMarsToken","https://coinsniper.net/coin/15503?k=47987&s=today"
"MARS","Safemars","https://coinsniper.net/coin/15504?k=47988&s=today"
"BASEDKISHU","Based Kishu","https://coinsniper.net/coin/15505?k=47989&s=today"
"FOREVER APE","Forever Ape","https://coinsniper.net/coin/15506?k=47990&s=today"
"NANODOT","NanoDOT","https://coinsniper.net/coin/15507?k=47991&s=today"
"MINIPLANETBEKASI","Mini Planet Bekasi","https://coinsniper.net/coin/15508?k=47992&s=today"
"DOGEFANTA","DogeFanta","https://coinsniper.net/coin/15509?k=47993&s=today"
"RUG","SCAM Token","https://coinsniper.net/coin/15511?k=47994&s=today"
"QRC","Qrchain Golden Token","https://coinsniper.net/coin/15512?k=47995&s=today"
"SPRELY","SPRELY","https://coinsniper.net/coin/15513?k=47996&s=today"
"INFP","Infinitypad","https://coinsniper.net/coin/15514?k=47997&s=today"
"ELITE","BearLite","https://coinsniper.net/coin/15515?k=47998&s=today"
"SHIBABOLIC","Shibabolic","https://coinsniper.net/coin/15516?k=47999&s=today"
"HOPE","HopeGivers","https://coinsniper.net/coin/15517?k=48000&s=today"