"listing-symbol","listing-name","Links"
"XYO","XYOracle","https://coinsniper.net/coin/15617?k=48101&s=today"
"MRL","Merlin","https://coinsniper.net/coin/15618?k=48102&s=today"
"FLOKIFRUNKPUPPY","Floki Frunk Puppy","https://coinsniper.net/coin/15619?k=48103&s=today"
"MIAMIDOGE","Miami Doge","https://coinsniper.net/coin/15620?k=48104&s=today"
"SADA","Save Cardano","https://coinsniper.net/coin/15621?k=48105&s=today"
"AC","Assetcoin","https://coinsniper.net/coin/15622?k=48106&s=today"
"GOONIES","Goonies","https://coinsniper.net/coin/15623?k=48107&s=today"
"DARKROSE","Dark Rose","https://coinsniper.net/coin/15624?k=48108&s=today"
"FLP","Floki Pump","https://coinsniper.net/coin/15625?k=48109&s=today"
"ACX","Access Launcher","https://coinsniper.net/coin/15626?k=48110&s=today"
"BBYGEN","Baby Genius","https://coinsniper.net/coin/15627?k=48111&s=today"
"EBUNNY","Elon&Bunny","https://coinsniper.net/coin/15628?k=48112&s=today"
"BETA","Beta Token","https://coinsniper.net/coin/15630?k=48113&s=today"
"HHUB","HornHub.finance","https://coinsniper.net/coin/15631?k=48114&s=today"
"KURAIINU","Kurai Inu","https://coinsniper.net/coin/15632?k=48115&s=today"
"PRABU","Prabu Token","https://coinsniper.net/coin/15633?k=48116&s=today"
"BABYDES","BabyDes","https://coinsniper.net/coin/15634?k=48117&s=today"
"LSR","LaserEyes","https://coinsniper.net/coin/15635?k=48118&s=today"
"FFP","Floki Frunkpuppy","https://coinsniper.net/coin/15636?k=48119&s=today"
"NINJA SMOKER","NINJA SMOKER","https://coinsniper.net/coin/15637?k=48120&s=today"
"STRL","Starlink Elon Musk","https://coinsniper.net/coin/15638?k=48121&s=today"
"MTCP","PandaMatic","https://coinsniper.net/coin/15639?k=48122&s=today"
"PDT","Peoples Diamond","https://coinsniper.net/coin/15641?k=48123&s=today"
"DSIGNS","DSIGNS","https://coinsniper.net/coin/15642?k=48124&s=today"
"ATBFIG","Financal Intelligence Group","https://coinsniper.net/coin/15643?k=48125&s=today"
"NIKEX","NIKE X","https://coinsniper.net/coin/15644?k=48126&s=today"
"PFU","Pinku the Unicorn","https://coinsniper.net/coin/15645?k=48127&s=today"
"CONE","Cone","https://coinsniper.net/coin/15646?k=48128&s=today"
"OCV","Oculus vision","https://coinsniper.net/coin/15647?k=48129&s=today"
"DRAGONNFT","DragonNFT","https://coinsniper.net/coin/15648?k=48130&s=today"
"WAROO","Super Whale","https://coinsniper.net/coin/15650?k=48131&s=today"
"KINGFOMO","Kingfomo","https://coinsniper.net/coin/15651?k=48132&s=today"
"FGOD","FLOKI GOD","https://coinsniper.net/coin/15653?k=48133&s=today"
"FUTURAMA","Project Futurama","https://coinsniper.net/coin/15654?k=48134&s=today"
"BKW","BlockWatch Finance","https://coinsniper.net/coin/15655?k=48135&s=today"
"MNYUP","Money Up Rebase","https://coinsniper.net/coin/15656?k=48136&s=today"
"SLINK","Super ChainLink","https://coinsniper.net/coin/15657?k=48137&s=today"
"SHI","Shiva Inu","https://coinsniper.net/coin/15658?k=48138&s=today"
"ETHOLOGY","ETHology","https://coinsniper.net/coin/15659?k=48139&s=today"
"MNT","Mini Tennis","https://coinsniper.net/coin/15660?k=48140&s=today"
"LFF","LittleFlokiFunk","https://coinsniper.net/coin/15662?k=48141&s=today"
"FLOKIFRUNKPUPPY","Floki FrunkPuppy","https://coinsniper.net/coin/15663?k=48142&s=today"
"CSD","Crypto Scam Defence","https://coinsniper.net/coin/15664?k=48143&s=today"
"NANODOGEX","NanoDogeX","https://coinsniper.net/coin/15665?k=48144&s=today"
"SAJA","Saja","https://coinsniper.net/coin/15666?k=48145&s=today"
"QUAG","Quagtools","https://coinsniper.net/coin/15667?k=48146&s=today"
"TRIBE","Tribe","https://coinsniper.net/coin/15668?k=48147&s=today"
"SQUID","SquidSwap","https://coinsniper.net/coin/15669?k=48148&s=today"
"SUSHIBAR","SushiBar","https://coinsniper.net/coin/15670?k=48149&s=today"
"BINANCE8","Binance8","https://coinsniper.net/coin/15671?k=48150&s=today"