"listing-symbol","listing-name","Links"
"UNX","Unixy","https://coinsniper.net/coin/32322?k=31301&s=today"
"WMF","Wealth Monetary Fund","https://coinsniper.net/coin/32323?k=31302&s=today"
"MADEIRA COIN","Madeira Coin","https://coinsniper.net/coin/32324?k=31303&s=today"
"LUNARISE","LUNARISE","https://coinsniper.net/coin/32325?k=31304&s=today"
"DROOPY","Droopy Inu","https://coinsniper.net/coin/32326?k=31305&s=today"
"VSO","Verso Finance","https://coinsniper.net/coin/32327?k=31306&s=today"
"WKB","WakandaBurn","https://coinsniper.net/coin/32328?k=31307&s=today"
"LUNASHIB","LunaShiba","https://coinsniper.net/coin/32336?k=31308&s=today"
"MOVEN","MoveN Finance","https://coinsniper.net/coin/32348?k=31309&s=today"
"COBY CARE","COBY CARE INU","https://coinsniper.net/coin/32349?k=31310&s=today"
"COMFORT","Comfort Zone","https://coinsniper.net/coin/32350?k=31311&s=today"
"LAVE","LandVerse","https://coinsniper.net/coin/32351?k=31312&s=today"
"MET","Meet Way","https://coinsniper.net/coin/32352?k=31313&s=today"
"F13","Friday 13Th","https://coinsniper.net/coin/32353?k=31314&s=today"
"PM","peerless meta","https://coinsniper.net/coin/32354?k=31315&s=today"
"SCINU","Scooby Inu","https://coinsniper.net/coin/32355?k=31316&s=today"
"AUC","Aid Ukraine Coin","https://coinsniper.net/coin/32356?k=31317&s=today"
"HONOR","HonorLand","https://coinsniper.net/coin/32357?k=31318&s=today"
"SCA","SCA FINANCE","https://coinsniper.net/coin/32358?k=31319&s=today"
"SKELETON","Defiskeletons","https://coinsniper.net/coin/32359?k=31320&s=today"
"AKK47","Ak47","https://coinsniper.net/coin/32360?k=31321&s=today"
"WORM","LUNA WORMHOLE","https://coinsniper.net/coin/32361?k=31322&s=today"
"PTR","PoorToRich Finance","https://coinsniper.net/coin/32362?k=31323&s=today"
"ETL","Ever Terra Luna","https://coinsniper.net/coin/32363?k=31324&s=today"
"LUNA","Luna Inu","https://coinsniper.net/coin/32364?k=31325&s=today"
"LST","LUNASHOT","https://coinsniper.net/coin/32365?k=31326&s=today"
"CRYPTOLIT","CRYPTOLIT","https://coinsniper.net/coin/32366?k=31327&s=today"
"BTCBR","BitcoinBR","https://coinsniper.net/coin/32371?k=31328&s=today"
"WBTCBR","Wrapped BitcoinBR","https://coinsniper.net/coin/32372?k=31329&s=today"
"BTCBRUP","BitcoinBR UP","https://coinsniper.net/coin/32373?k=31330&s=today"
"BTCBRDOWN","BitcoinBR DOWN","https://coinsniper.net/coin/32374?k=31331&s=today"
"T99","TETHEREUM (Wormhole)","https://coinsniper.net/coin/32375?k=31332&s=today"
"BTCBRC","BitcoinBR Classic","https://coinsniper.net/coin/32376?k=31333&s=today"
"BTCBRL","BitcoinBR Lite","https://coinsniper.net/coin/32377?k=31334&s=today"
"BABYLUNA","Baby Luna Coin","https://coinsniper.net/coin/32378?k=31335&s=today"
"BTCBRS","BitcoinBR Silver","https://coinsniper.net/coin/32379?k=31336&s=today"
"BTCBRG","BitcoinBR Gold","https://coinsniper.net/coin/32380?k=31337&s=today"
"BTCBRD","BitcoinBR Diamond","https://coinsniper.net/coin/32381?k=31338&s=today"
"BTCBRP","BitcoinBR Protocol","https://coinsniper.net/coin/32382?k=31339&s=today"
"BTCBRF","BitcoinBR Finance","https://coinsniper.net/coin/32383?k=31340&s=today"
"BTCBRN","BitcoinBR Network","https://coinsniper.net/coin/32384?k=31341&s=today"
"LUNA 2","TERRA 2.0","https://coinsniper.net/coin/32385?k=31342&s=today"
"SHIBQUEEN","ShibQueen","https://coinsniper.net/coin/32386?k=31343&s=today"
"FRIN","Fringe Finance","https://coinsniper.net/coin/32387?k=31344&s=today"
"BTCBR","BitcoinBR","https://coinsniper.net/coin/32388?k=31345&s=today"
"BTCBR","BitcoinBR","https://coinsniper.net/coin/32389?k=31346&s=today"
"BIT","Bonds Investment Token","https://coinsniper.net/coin/32390?k=31347&s=today"
"BTCBR","BitcoinBR (xDAI)","https://coinsniper.net/coin/32391?k=31348&s=today"
"GUEDDY","Gueddy Finance","https://coinsniper.net/coin/32392?k=31349&s=today"
"UNIV","ZFI UniVerse Finance","https://coinsniper.net/coin/32393?k=31350&s=today"