"listing-symbol","listing-name","Links"
"BOX","BOX NFTs","https://coinsniper.net/coin/10737?k=43351&s=today"
"BATTLE","BattleDoge","https://coinsniper.net/coin/10738?k=43352&s=today"
"BF","BULL FLAG","https://coinsniper.net/coin/10739?k=43353&s=today"
"AUGSHIRE","AugShire","https://coinsniper.net/coin/10740?k=43354&s=today"
"EKTA","Ekta Token","https://coinsniper.net/coin/10741?k=43355&s=today"
"GPERA","GOLD PERA","https://coinsniper.net/coin/10742?k=43356&s=today"
"LEAK","Unstoppable Leak","https://coinsniper.net/coin/10743?k=43357&s=today"
"SHIBCHINA","Shibchina","https://coinsniper.net/coin/10744?k=43358&s=today"
"BBETE","BabyEliphi","https://coinsniper.net/coin/10745?k=43359&s=today"
"SHIBAMERICA","SHIBA America","https://coinsniper.net/coin/10746?k=43360&s=today"
"BABYCHZ","BabyChiliz","https://coinsniper.net/coin/10747?k=43361&s=today"
"ETHEREARN","EtherEarn","https://coinsniper.net/coin/10748?k=43362&s=today"
"BSM","BABYSAFEMOON","https://coinsniper.net/coin/10749?k=43363&s=today"
"BILL","Billion","https://coinsniper.net/coin/10750?k=43364&s=today"
"L100XDOGE","Last100xDoge","https://coinsniper.net/coin/10751?k=43365&s=today"
"BMOT","Bull Members Organization Token","https://coinsniper.net/coin/10752?k=43366&s=today"
"1ST","FIRST TOKEN","https://coinsniper.net/coin/10753?k=43367&s=today"
"GWJK","GREEN WOJAK","https://coinsniper.net/coin/10754?k=43368&s=today"
"HHD","Hip Hop Doge","https://coinsniper.net/coin/10755?k=43369&s=today"
"SARC","SnakeArt Cash","https://coinsniper.net/coin/10756?k=43370&s=today"
"BALT","BabyALT","https://coinsniper.net/coin/10757?k=43371&s=today"
"DVM","DevilMoon","https://coinsniper.net/coin/10758?k=43372&s=today"
"MINIFOOTBALL","MiniFootball","https://coinsniper.net/coin/10759?k=43373&s=today"
"IDRC","Rupiah Coin","https://coinsniper.net/coin/10760?k=43374&s=today"
"USD3","USD3","https://coinsniper.net/coin/10761?k=43375&s=today"
"RBTC","RiseBTC","https://coinsniper.net/coin/10762?k=43376&s=today"
"SWEET","Sweet Summer","https://coinsniper.net/coin/10763?k=43377&s=today"
"STRICE","Strice","https://coinsniper.net/coin/10764?k=43378&s=today"
"GMO","Game Mode On","https://coinsniper.net/coin/10765?k=43379&s=today"
"MCN","MarketChain","https://coinsniper.net/coin/10766?k=43380&s=today"
"VEN","VENOM","https://coinsniper.net/coin/10767?k=43381&s=today"
"SPIDEYBOND","SpideyBond","https://coinsniper.net/coin/10768?k=43382&s=today"
"BABYDINOX","BabyDinoX","https://coinsniper.net/coin/10769?k=43383&s=today"
"CAR","CARNAGE TOKEN","https://coinsniper.net/coin/10770?k=43384&s=today"
"MEGASUSHI","MEGASUSHI","https://coinsniper.net/coin/10771?k=43385&s=today"
"SOWL","SOWL Token","https://coinsniper.net/coin/10772?k=43386&s=today"
"SAV","SafeVaults","https://coinsniper.net/coin/10773?k=43387&s=today"
"BNB","COMMUNITY COIN","https://coinsniper.net/coin/10774?k=43388&s=today"
"BSCDOMAINS","BSCDOMAINS.TECH","https://coinsniper.net/coin/10775?k=43389&s=today"
"RONIN","Ronin Gamez","https://coinsniper.net/coin/10776?k=43390&s=today"
"ASTRODOGE","ASTRODOGE","https://coinsniper.net/coin/10777?k=43391&s=today"
"BTN","Bottlenose Finance","https://coinsniper.net/coin/10778?k=43392&s=today"
"BABYABE","$BabyAbe","https://coinsniper.net/coin/10779?k=43393&s=today"
"MARINEDOGE","MARINE DOGE","https://coinsniper.net/coin/10780?k=43394&s=today"
"SHIBEURO","Shibeuro","https://coinsniper.net/coin/10781?k=43395&s=today"
"DADDYCAKE","DADDY CAKE","https://coinsniper.net/coin/10782?k=43396&s=today"
"MINICP","MiniCP","https://coinsniper.net/coin/10783?k=43397&s=today"
"CPIG","CashPig","https://coinsniper.net/coin/10784?k=43398&s=today"
"BUSDBACK","BUSDBACK","https://coinsniper.net/coin/10785?k=43399&s=today"
"KCCINU","KCC INU","https://coinsniper.net/coin/10786?k=43400&s=today"