"listing-symbol","listing-name","Links"
"METABABYDOGE","Meta Baby Doge","https://coinsniper.net/coin/29265?k=28601&s=today"
"YESIL","Yesil Token","https://coinsniper.net/coin/29266?k=28602&s=today"
"CFF","Crypto For Food","https://coinsniper.net/coin/29267?k=28603&s=today"
"KFAPE","KungFu Ape","https://coinsniper.net/coin/29268?k=28604&s=today"
"SHUEY","SHUEY RHON INU","https://coinsniper.net/coin/29269?k=28605&s=today"
"LAN","Alkebulan","https://coinsniper.net/coin/29270?k=28606&s=today"
"ROCKETFI","RocketFi","https://coinsniper.net/coin/29271?k=28607&s=today"
"USDME","MetaDollar","https://coinsniper.net/coin/29272?k=28608&s=today"
"PFLASK","Flask","https://coinsniper.net/coin/29273?k=28609&s=today"
"UNQT","Unique Utility Token","https://coinsniper.net/coin/29274?k=28610&s=today"
"MAPE","Meta ApeCoin","https://coinsniper.net/coin/29275?k=28611&s=today"
"XLV","LaunchVerse","https://coinsniper.net/coin/29276?k=28612&s=today"
"ANTB","AntyBank","https://coinsniper.net/coin/29277?k=28613&s=today"
"TN","TitaNetwork","https://coinsniper.net/coin/29278?k=28614&s=today"
"ALGO","$ALGO NETWORK","https://coinsniper.net/coin/29279?k=28615&s=today"
"CAT","PixelCatClub","https://coinsniper.net/coin/29280?k=28616&s=today"
"KYUSHU","Kyushu Metaverse","https://coinsniper.net/coin/29281?k=28617&s=today"
"HARAMBE","Angry Ape Token","https://coinsniper.net/coin/29282?k=28618&s=today"
"VR","VReality","https://coinsniper.net/coin/29283?k=28619&s=today"
"URANUS","Father Of Cronos","https://coinsniper.net/coin/29284?k=28620&s=today"
"PP","PP TOKEN","https://coinsniper.net/coin/29285?k=28621&s=today"
"PLUTO","Pluto Rising","https://coinsniper.net/coin/29286?k=28622&s=today"
"BOO","Boo Inu","https://coinsniper.net/coin/29287?k=28623&s=today"
"PT","Plutomaniac Token","https://coinsniper.net/coin/29288?k=28624&s=today"
"DI","Doraemon Inu","https://coinsniper.net/coin/29289?k=28625&s=today"
"MCCN","ColliderCoin","https://coinsniper.net/coin/29290?k=28626&s=today"
"NNC","NeonChain","https://coinsniper.net/coin/29291?k=28627&s=today"
"TOTALBATTLE","Totalbattle","https://coinsniper.net/coin/29292?k=28628&s=today"
"MONKE","Monkecoin","https://coinsniper.net/coin/29293?k=28629&s=today"
"SHIRYO","shiryo Inu","https://coinsniper.net/coin/29294?k=28630&s=today"
"MMA","Mysterious Meta Apes","https://coinsniper.net/coin/29295?k=28631&s=today"
"BACKBENCHER","BACKBENCHERS(SMARTDeFi)","https://coinsniper.net/coin/29296?k=28632&s=today"
"SHINZI","Shinzi Network","https://coinsniper.net/coin/29297?k=28633&s=today"
"ATC","Astro Cat","https://coinsniper.net/coin/29298?k=28634&s=today"
"BDM","BabyDiamond 💎","https://coinsniper.net/coin/29299?k=28635&s=today"
"ALCHEMIST","AlchemistBSC","https://coinsniper.net/coin/29300?k=28636&s=today"
"ACS","AirCentralStation V2","https://coinsniper.net/coin/29301?k=28637&s=today"
"VYR","Romy Project","https://coinsniper.net/coin/29302?k=28638&s=today"
"SHINJA WEB3","SHIBNOBI WEB3","https://coinsniper.net/coin/29303?k=28639&s=today"
"GAPE","Gucci Ape","https://coinsniper.net/coin/29304?k=28640&s=today"
"MEOWMATIC","Meow Matic","https://coinsniper.net/coin/29305?k=28641&s=today"
"APY","APYBANK","https://coinsniper.net/coin/29306?k=28642&s=today"
"AUTOSTAKING","MoneyPrinter","https://coinsniper.net/coin/29307?k=28643&s=today"
"MBOMB","Meta Bomber","https://coinsniper.net/coin/29308?k=28644&s=today"
"BNBD","BNB Dragon","https://coinsniper.net/coin/29309?k=28645&s=today"
"BANKSYDAO","BanksyDAO Finance","https://coinsniper.net/coin/29310?k=28646&s=today"
"PINKPIKACHU","Pinkpikachu","https://coinsniper.net/coin/29311?k=28647&s=today"
"METAREALM","MetaRealm Online","https://coinsniper.net/coin/29312?k=28648&s=today"
"METRON","Token Meta Tron","https://coinsniper.net/coin/29313?k=28649&s=today"
"REICH","Reichsmark","https://coinsniper.net/coin/29314?k=28650&s=today"