"listing-symbol","listing-name","Links"
"BABYAFEN","Baby Afen","https://coinsniper.net/coin/16289?k=48751&s=today"
"ADMNT","Adamantine","https://coinsniper.net/coin/16290?k=48752&s=today"
"LOVERS","BNBLOVERS","https://coinsniper.net/coin/16291?k=48753&s=today"
"PEARL","Pearlim","https://coinsniper.net/coin/16292?k=48754&s=today"
"BGK","Blugik","https://coinsniper.net/coin/16293?k=48755&s=today"
"XWALL","Xchain Wallet","https://coinsniper.net/coin/16294?k=48756&s=today"
"HLWC","HalloweenCandy","https://coinsniper.net/coin/16295?k=48757&s=today"
"BUNI","Black Unicorn","https://coinsniper.net/coin/16297?k=48758&s=today"
"UNUE","UNUE BSCtoken","https://coinsniper.net/coin/16298?k=48759&s=today"
"FREEMAN","Gordon Freeman","https://coinsniper.net/coin/16299?k=48760&s=today"
"UNUE","UNUE BSCtoken","https://coinsniper.net/coin/16300?k=48761&s=today"
"FENIX","Fenix Token","https://coinsniper.net/coin/16301?k=48762&s=today"
"BITUP","BitUP","https://coinsniper.net/coin/16302?k=48763&s=today"
"VINYL","Vinyl","https://coinsniper.net/coin/16303?k=48764&s=today"
"MERMAID","Mermaid","https://coinsniper.net/coin/16304?k=48765&s=today"
"RC","REWARD CYCLE","https://coinsniper.net/coin/16305?k=48766&s=today"
"CFP","CoinFlip","https://coinsniper.net/coin/16306?k=48767&s=today"
"ETHINFINITY","Eth Infinity","https://coinsniper.net/coin/16307?k=48768&s=today"
"GENIM","GenshinImpact","https://coinsniper.net/coin/16308?k=48769&s=today"
"SQUIDS","Baby Squid Game","https://coinsniper.net/coin/16309?k=48770&s=today"
"FLY","Flokonomy","https://coinsniper.net/coin/16310?k=48771&s=today"
"HEMP","The Hempire Mining Game","https://coinsniper.net/coin/16311?k=48772&s=today"
"DR. FEGGER","Dr. Fegger","https://coinsniper.net/coin/16312?k=48773&s=today"
"SHIBFUEL","ShibFueL","https://coinsniper.net/coin/16313?k=48774&s=today"
"XEEB","XEEBster","https://coinsniper.net/coin/16314?k=48775&s=today"
"COC","Cocker","https://coinsniper.net/coin/16315?k=48776&s=today"
"FINDSHIBBY","FINDSHIBBY","https://coinsniper.net/coin/16316?k=48777&s=today"
"DOGETWIN","DogeTwinCoin","https://coinsniper.net/coin/16318?k=48778&s=today"
"CUTFLOKI","Cuteflokinomics","https://coinsniper.net/coin/16319?k=48779&s=today"
"TCNT","Tracent","https://coinsniper.net/coin/16320?k=48780&s=today"
"FUSHIB","Futureshiba","https://coinsniper.net/coin/16321?k=48781&s=today"
"MDOGES","Doge Racing Moon","https://coinsniper.net/coin/16322?k=48782&s=today"
"UTOPIA","Utopia","https://coinsniper.net/coin/16323?k=48783&s=today"
"ADA","ADAHolics","https://coinsniper.net/coin/16324?k=48784&s=today"
"TWOK","2K Finance","https://coinsniper.net/coin/16325?k=48785&s=today"
"PEC","PECUNIA","https://coinsniper.net/coin/16326?k=48786&s=today"
"JOSS","Coinjoss","https://coinsniper.net/coin/16327?k=48787&s=today"
"OJE","Oje Token","https://coinsniper.net/coin/16328?k=48788&s=today"
"PICKLE","Mr. Pickles","https://coinsniper.net/coin/16329?k=48789&s=today"
"TFLOKI","Trendyfloki","https://coinsniper.net/coin/16330?k=48790&s=today"
"SPRM","SUPREME TOKEN","https://coinsniper.net/coin/16331?k=48791&s=today"
"BRN","Brunos Game","https://coinsniper.net/coin/16332?k=48792&s=today"
"DUCK","Donald Duck","https://coinsniper.net/coin/16333?k=48793&s=today"
"SHUBH","Shubh","https://coinsniper.net/coin/16334?k=48794&s=today"
"DSHIBA","DIAMOND SHIBA","https://coinsniper.net/coin/16335?k=48795&s=today"
"TOEM","TOKEN EMERALD","https://coinsniper.net/coin/16336?k=48796&s=today"
"BFT","BABY FLAVOR TOKEN","https://coinsniper.net/coin/16337?k=48797&s=today"
"BABYPINK","BABYPINK TOKEN","https://coinsniper.net/coin/16338?k=48798&s=today"
"FISH","Fish Coin","https://coinsniper.net/coin/16339?k=48799&s=today"
"GENX","EVODeFi","https://coinsniper.net/coin/16340?k=48800&s=today"