"listing-symbol","listing-name","Links"
"AAB","AlienApeBSC","https://coinsniper.net/coin/32632?k=31501&s=today"
"TERRAUSTLUNAINU","TerraUstLuna INU","https://coinsniper.net/coin/32633?k=31502&s=today"
"LNA","LunaRise","https://coinsniper.net/coin/32634?k=31503&s=today"
"GDC","Global Digital Coin","https://coinsniper.net/coin/32635?k=31504&s=today"
"FARMANDO","www.Farmando.Farm","https://coinsniper.net/coin/32636?k=31505&s=today"
"BBTC","Babby Bitcoin","https://coinsniper.net/coin/32637?k=31506&s=today"
"UMBC","Umbreum","https://coinsniper.net/coin/32638?k=31507&s=today"
"ESP","WINNER eSports","https://coinsniper.net/coin/32639?k=31508&s=today"
"SAFECROCKET","Safe Crocket","https://coinsniper.net/coin/32640?k=31509&s=today"
"BCRUSH","Bear Crush","https://coinsniper.net/coin/32641?k=31510&s=today"
"TAZOR","Tazor","https://coinsniper.net/coin/32642?k=31511&s=today"
"GOLT","Ghost Of Luna Token","https://coinsniper.net/coin/32644?k=31512&s=today"
"GPHX","Golden Phoenix","https://coinsniper.net/coin/32646?k=31513&s=today"
"HWK","Hawk","https://coinsniper.net/coin/32648?k=31514&s=today"
"CSHIB","New Community Shiba Inu","https://coinsniper.net/coin/32651?k=31515&s=today"
"BEAR","Bear Inu","https://coinsniper.net/coin/32652?k=31516&s=today"
"LUNAD","Lunar Doge","https://coinsniper.net/coin/32656?k=31517&s=today"
"CBSC/","New Community BSC","https://coinsniper.net/coin/32660?k=31518&s=today"
"MGD","Megadon Finance","https://coinsniper.net/coin/32662?k=31519&s=today"
"MC","Mu Crypto Token","https://coinsniper.net/coin/32664?k=31520&s=today"
"MAZ","Mazimus Universe","https://coinsniper.net/coin/32667?k=31521&s=today"
"PIZZA","Bitcoin Pizza","https://coinsniper.net/coin/32672?k=31522&s=today"
"L2E","Label2Earn","https://coinsniper.net/coin/32673?k=31523&s=today"
"CMT","Community Token","https://coinsniper.net/coin/32675?k=31524&s=today"
"MOUSY","Mousy Inu","https://coinsniper.net/coin/32676?k=31525&s=today"
"SDQ","SADAQA","https://coinsniper.net/coin/32680?k=31526&s=today"
"CCRUX","New Community Crux","https://coinsniper.net/coin/32681?k=31527&s=today"
"RAEF","Race Finance","https://coinsniper.net/coin/32690?k=31528&s=today"
"BGHA","BulletGame Hero Airdrop","https://coinsniper.net/coin/32700?k=31529&s=today"
"HDOG","Costco Inu","https://coinsniper.net/coin/32703?k=31530&s=today"
"BCLUNA","NEW BABY CLUNA","https://coinsniper.net/coin/32704?k=31531&s=today"
"LUNABULL","Luna Bull","https://coinsniper.net/coin/32708?k=31532&s=today"
"WXO","Winxo","https://coinsniper.net/coin/32709?k=31533&s=today"
"SPRMN","Superman Verse Token","https://coinsniper.net/coin/32711?k=31534&s=today"
"SINU","Super Mario Inu","https://coinsniper.net/coin/32712?k=31535&s=today"
"SA","StepApe","https://coinsniper.net/coin/32715?k=31536&s=today"
"SHONEN","SHONEN","https://coinsniper.net/coin/32716?k=31537&s=today"
"BITCOINHALF","The Harry Potter Obama Sonic 10 Inu 0.5","https://coinsniper.net/coin/32721?k=31538&s=today"
"LUNABULL","Luna Bull","https://coinsniper.net/coin/32723?k=31539&s=today"
"BCLUNA","NEW BABY COMMUNITY LUNA","https://coinsniper.net/coin/32726?k=31540&s=today"
"SHIBINBLACK","SHIBinBLACK","https://coinsniper.net/coin/32727?k=31541&s=today"
"WI","Whisper Inu","https://coinsniper.net/coin/32728?k=31542&s=today"
"CAPE","New Community Ape","https://coinsniper.net/coin/32729?k=31543&s=today"
"LUNAV2","New Community Luna V2","https://coinsniper.net/coin/32730?k=31544&s=today"
"BABYBTC","Baby bitcoin 0.5","https://coinsniper.net/coin/32731?k=31545&s=today"
"SLN","Save Luna Token","https://coinsniper.net/coin/32732?k=31546&s=today"
"Genki","Genkidama Elon","https://coinsniper.net/coin/32733?k=31547&s=today"
"WACK","WackActivist","https://coinsniper.net/coin/32734?k=31548&s=today"
"LUV","Lunaverse","https://coinsniper.net/coin/32737?k=31549&s=today"
"RWH","Run Reward Hunter","https://coinsniper.net/coin/32738?k=31550&s=today"