"listing-symbol","listing-name","Links"
"MAI","Marihuana AI","https://coinsniper.net/coin/44433?k=33601&s=today"
"BINU","BULLRUN INU","https://coinsniper.net/coin/44434?k=33602&s=today"
"BAP","BabyAliens","https://coinsniper.net/coin/44435?k=33603&s=today"
"TORTOISE","Tortoise Inu","https://coinsniper.net/coin/44436?k=33604&s=today"
"SHADOWCATS","Shadowcats","https://coinsniper.net/coin/44437?k=33605&s=today"
"JAI","JEET AI","https://coinsniper.net/coin/44438?k=33606&s=today"
"FLOKI X","Floki X","https://coinsniper.net/coin/44439?k=33607&s=today"
"ITN","Intelligence Network","https://coinsniper.net/coin/44440?k=33608&s=today"
"401K","401K INU","https://coinsniper.net/coin/44441?k=33609&s=today"
"FKM","Floki Matrix","https://coinsniper.net/coin/44442?k=33610&s=today"
"FLOKI INU","IKOLF UNI","https://coinsniper.net/coin/44443?k=33611&s=today"
"DOGEINTERRNET","DogeInterrnet","https://coinsniper.net/coin/44444?k=33612&s=today"
"RRR","Rolls Royce Rabbit","https://coinsniper.net/coin/44445?k=33613&s=today"
"SYNO","Synopti","https://coinsniper.net/coin/44446?k=33614&s=today"
"FLOBI","FLOKI BILLIONAIRE","https://coinsniper.net/coin/44447?k=33615&s=today"
"QT","QT","https://coinsniper.net/coin/44448?k=33616&s=today"
"TOTOCAT","TotoCat","https://coinsniper.net/coin/44449?k=33617&s=today"
"CANDYLAD COIN","Candylad Coin","https://coinsniper.net/coin/44450?k=33618&s=today"
"SHIBCAT X","SHIBCAT XDC","https://coinsniper.net/coin/44451?k=33619&s=today"
"IBIT","InfinityBit","https://coinsniper.net/coin/44452?k=33620&s=today"
"CKNG","CamKing","https://coinsniper.net/coin/44453?k=33621&s=today"
"DOBOGPT","FUSION AI","https://coinsniper.net/coin/44454?k=33622&s=today"
"VEIT","Veit Inu","https://coinsniper.net/coin/44455?k=33623&s=today"
"CAI","Cat Ai Token","https://coinsniper.net/coin/44457?k=33624&s=today"
"CHARITY ADDRESS","UKRAINE DONATION","https://coinsniper.net/coin/44458?k=33625&s=today"
"INTERNEETDDOGE","InterneetDdoge","https://coinsniper.net/coin/44459?k=33626&s=today"
"FLOKICEO","FLOKI CEO","https://coinsniper.net/coin/44460?k=33627&s=today"
"POOSHIB","PooShib","https://coinsniper.net/coin/44461?k=33628&s=today"
"MZM","Mazimatic","https://coinsniper.net/coin/44462?k=33629&s=today"
"CTF","CAT FIRE","https://coinsniper.net/coin/44463?k=33630&s=today"
"FLONI","Floni Inu","https://coinsniper.net/coin/44464?k=33631&s=today"
"FB","Floki Boy","https://coinsniper.net/coin/44466?k=33632&s=today"
"COREWOLF","CoreWolf","https://coinsniper.net/coin/44467?k=33633&s=today"
"SHARBI","SHARBI","https://coinsniper.net/coin/44468?k=33634&s=today"
"TTS","TouchTheSky","https://coinsniper.net/coin/44469?k=33635&s=today"
"DAGOMBACASH","Dagombacash","https://coinsniper.net/coin/44470?k=33636&s=today"
"FLOKE","FLOCAKE","https://coinsniper.net/coin/44471?k=33637&s=today"
"CKID","Cyber Kid","https://coinsniper.net/coin/44472?k=33638&s=today"
"EVEAI","EVE AI","https://coinsniper.net/coin/44473?k=33639&s=today"
"REELFI","ReelFi","https://coinsniper.net/coin/44474?k=33640&s=today"
"HUMAN","KeepCryptoHuman","https://coinsniper.net/coin/44475?k=33641&s=today"
"FAI","FASHION AI","https://coinsniper.net/coin/44476?k=33642&s=today"
"FLOKID","flokid","https://coinsniper.net/coin/44479?k=33643&s=today"
"SLNU","Sultan Inu","https://coinsniper.net/coin/44480?k=33644&s=today"
"HOPPYINU","HoppyInu","https://coinsniper.net/coin/44481?k=33645&s=today"
"FLOKINA","FLOKINA | 弗洛基纳","https://coinsniper.net/coin/44482?k=33646&s=today"
"SHIBRYU","Shiburai-Ryu","https://coinsniper.net/coin/44483?k=33647&s=today"
"FLOND","FLOKI FUND","https://coinsniper.net/coin/44484?k=33648&s=today"
"FCKF","FCK FLOKI","https://coinsniper.net/coin/44486?k=33649&s=today"
"SAKAI","Sakai Vault","https://coinsniper.net/coin/44487?k=33650&s=today"