"listing-symbol","listing-name","Links"
"CAL","Calcium","https://coinsniper.net/coin/54488?k=51151&s=today"
"TNT","Tyranitar","https://coinsniper.net/coin/54489?k=51152&s=today"
"AZIO","AZIO Network","https://coinsniper.net/coin/54490?k=51153&s=today"
"FINE2049","FINE2049","https://coinsniper.net/coin/54491?k=51154&s=today"
"ASX","AstroSonicX","https://coinsniper.net/coin/54492?k=51155&s=today"
"FOMO","Fomo Token","https://coinsniper.net/coin/54493?k=51156&s=today"
"SON","Son of Shiba","https://coinsniper.net/coin/54494?k=51157&s=today"
"ARB","Bulls of Arbitrum","https://coinsniper.net/coin/54495?k=51158&s=today"
"PEPE","Pepe Ai","https://coinsniper.net/coin/54496?k=51159&s=today"
"HALF","Half Pepe","https://coinsniper.net/coin/54497?k=51160&s=today"
"DICE","Dice Bot","https://coinsniper.net/coin/54498?k=51161&s=today"
"TCA","The chicken AI","https://coinsniper.net/coin/54499?k=51162&s=today"
"CAT","CATECOIN","https://coinsniper.net/coin/54500?k=51163&s=today"
"SHOI","Shoi Network","https://coinsniper.net/coin/54501?k=51164&s=today"
"SWAP","StealthSwap","https://coinsniper.net/coin/54502?k=51165&s=today"
"WEE","I AM WEASEL","https://coinsniper.net/coin/54503?k=51166&s=today"
"XHIBA","Xhiba","https://coinsniper.net/coin/54504?k=51167&s=today"
"(DOGEINT) US","(DOGEINT) US","https://coinsniper.net/coin/54505?k=51168&s=today"
"ASCX","AstroSonicX","https://coinsniper.net/coin/54506?k=51169&s=today"
"CAM","scam alert","https://coinsniper.net/coin/54507?k=51170&s=today"
"DGF","DOGfire","https://coinsniper.net/coin/54508?k=51171&s=today"
"ESHX","Elon Shiba X","https://coinsniper.net/coin/54509?k=51172&s=today"
"PACO","Paco","https://coinsniper.net/coin/54510?k=51173&s=today"
"GALPUP","GalaxyPup","https://coinsniper.net/coin/54512?k=51174&s=today"
"COD","Call of Duty","https://coinsniper.net/coin/54514?k=51175&s=today"
"WNBSC","Whynotbsc","https://coinsniper.net/coin/54515?k=51176&s=today"
"GECK","TechGecko","https://coinsniper.net/coin/54516?k=51177&s=today"
"KETH","Kid Ether","https://coinsniper.net/coin/54517?k=51178&s=today"
"MGPT","MAGIC GPT","https://coinsniper.net/coin/54518?k=51179&s=today"
"MONK","Monkai 2.0","https://coinsniper.net/coin/54519?k=51180&s=today"
"ANL","Analytica","https://coinsniper.net/coin/54520?k=51181&s=today"
"INSA","Insura Token","https://coinsniper.net/coin/54521?k=51182&s=today"
"PTWO","P2Pulse","https://coinsniper.net/coin/54522?k=51183&s=today"
"ATH","Athlete Chain","https://coinsniper.net/coin/54523?k=51184&s=today"
"DOGEB","DogeBlx","https://coinsniper.net/coin/54524?k=51185&s=today"
"PCOIN","PENGUIN COIN","https://coinsniper.net/coin/54525?k=51186&s=today"
"INC","INCCOIN","https://coinsniper.net/coin/54526?k=51187&s=today"
"HKT","Hulkat","https://coinsniper.net/coin/54527?k=51188&s=today"
"DRMP","DreamPro","https://coinsniper.net/coin/54533?k=51189&s=today"
"MSPEPE","Ms Pepe","https://coinsniper.net/coin/54537?k=51190&s=today"
"PREVIOUS","Previous Project","https://coinsniper.net/coin/54539?k=51191&s=today"
"DECENT","Decent Token","https://coinsniper.net/coin/54540?k=51192&s=today"
"MNK","Maneki Inu","https://coinsniper.net/coin/54542?k=51193&s=today"
"0XU","0xUniversal","https://coinsniper.net/coin/54545?k=51194&s=today"
"CRYPTO","Crypto","https://coinsniper.net/coin/54546?k=51195&s=today"
"LFY","LAYERFY NETWORK","https://coinsniper.net/coin/54547?k=51196&s=today"
"APE","Ninja Ape","https://coinsniper.net/coin/54548?k=51197&s=today"
"META","Meta Games","https://coinsniper.net/coin/54549?k=51198&s=today"
"AKIBURN","Akinu Inu Burn","https://coinsniper.net/coin/54550?k=51199&s=today"
"SPP","Space App","https://coinsniper.net/coin/54551?k=51200&s=today"