"listing-symbol","listing-name","Links"
"MNC","MonaCat","https://coinsniper.net/coin/56873?k=53301&s=today"
"LUBE","LUBE","https://coinsniper.net/coin/56874?k=53302&s=today"
"MKOIN","Mortal Kombat","https://coinsniper.net/coin/56875?k=53303&s=today"
"GSWAP","Ghost Swap","https://coinsniper.net/coin/56876?k=53304&s=today"
"BIBI3.0","Bibi3.0","https://coinsniper.net/coin/56877?k=53305&s=today"
"SANTAUSDT","SANTAUSDT","https://coinsniper.net/coin/56878?k=53306&s=today"
"MEM","Meme 2.0","https://coinsniper.net/coin/56879?k=53307&s=today"
"WSRH","Wall Street Robin Hood","https://coinsniper.net/coin/56880?k=53308&s=today"
"SQUIDGAME2","SQUIDGame2","https://coinsniper.net/coin/56881?k=53309&s=today"
"DRAGON2024","DRAGON2024","https://coinsniper.net/coin/56882?k=53310&s=today"
"BRX","Brexit","https://coinsniper.net/coin/56883?k=53311&s=today"
"ALT","AltFi","https://coinsniper.net/coin/56884?k=53312&s=today"
"WDP","WDP","https://coinsniper.net/coin/56885?k=53313&s=today"
"DOGE2024","Doge 2024","https://coinsniper.net/coin/56886?k=53314&s=today"
"SHD","Sichere Daten","https://coinsniper.net/coin/56887?k=53315&s=today"
"4864","4864","https://coinsniper.net/coin/56888?k=53316&s=today"
"INTERNETDOGE ^EN","InternetDoge ^EN","https://coinsniper.net/coin/56889?k=53317&s=today"
"BSC","FrnTln","https://coinsniper.net/coin/56891?k=53318&s=today"
"PRIMETHEREUM","Primethereum","https://coinsniper.net/coin/56892?k=53319&s=today"
"KITT","KITTINTON","https://coinsniper.net/coin/56893?k=53320&s=today"
"NET","Internet","https://coinsniper.net/coin/56894?k=53321&s=today"
"ELEP","Elephand","https://coinsniper.net/coin/56895?k=53322&s=today"
"CAREY","Mariah Carey Coin","https://coinsniper.net/coin/56896?k=53323&s=today"
"GROK","GROK","https://coinsniper.net/coin/56897?k=53324&s=today"
"SQUIDGAME","SQUIDGAME","https://coinsniper.net/coin/56898?k=53325&s=today"
"CYBERFISH","THE CYBER FiSH","https://coinsniper.net/coin/56899?k=53326&s=today"
"BEEF","BEEFTOKEN","https://coinsniper.net/coin/56900?k=53327&s=today"
"2024 COINS 🪙🪙🪙","2024 coins 🪙🪙🪙","https://coinsniper.net/coin/56901?k=53328&s=today"
"NOTAPECOIN","NotApeCoin","https://coinsniper.net/coin/56902?k=53329&s=today"
"CHIZA","ChizaCoin","https://coinsniper.net/coin/56903?k=53330&s=today"
"AIW","AiWeb","https://coinsniper.net/coin/56904?k=53331&s=today"
"PANDA","Red panda","https://coinsniper.net/coin/56905?k=53332&s=today"
"IDEX","InstaDEX","https://coinsniper.net/coin/56907?k=53333&s=today"
"MTR","MetaEarn","https://coinsniper.net/coin/56908?k=53334&s=today"
"OPTIX","Optix","https://coinsniper.net/coin/56909?k=53335&s=today"
"ILLUSION","illusionarium","https://coinsniper.net/coin/56910?k=53336&s=today"
"CYT","CoYoTe","https://coinsniper.net/coin/56911?k=53337&s=today"
"CAH","Crypto beach","https://coinsniper.net/coin/56912?k=53338&s=today"
"TGF","The Godfather 1972","https://coinsniper.net/coin/56913?k=53339&s=today"
"FCN","FinChain","https://coinsniper.net/coin/56914?k=53340&s=today"
"GROKBOT","GROKBOT","https://coinsniper.net/coin/56915?k=53341&s=today"
"JMTAI","Judgment AI","https://coinsniper.net/coin/56916?k=53342&s=today"
"TRLK","Trust Linker","https://coinsniper.net/coin/56917?k=53343&s=today"
"IDGE @ US","IDGE @ US","https://coinsniper.net/coin/56918?k=53344&s=today"
"FRIEDA","Frieda airdrop","https://coinsniper.net/coin/56919?k=53345&s=today"
"FOUR","4 Billion","https://coinsniper.net/coin/56920?k=53346&s=today"
"MEMEBET","MEMEBET","https://coinsniper.net/coin/56921?k=53347&s=today"
"SNAIL","Snail Inu","https://coinsniper.net/coin/56923?k=53348&s=today"
"CCN","Curecoin","https://coinsniper.net/coin/56924?k=53349&s=today"
"IUCN","IUCNCoin","https://coinsniper.net/coin/56925?k=53350&s=today"