"listing-symbol","listing-name","Links"
"BCT","Bean Chart","https://coinsniper.net/coin/29366?k=28701&s=today"
"KIZARU","Kizaru","https://coinsniper.net/coin/29367?k=28702&s=today"
"MGC","MetaGiftCoin","https://coinsniper.net/coin/29368?k=28703&s=today"
"BET","Betcoin","https://coinsniper.net/coin/29369?k=28704&s=today"
"BZORO","Baby Zoro Inu","https://coinsniper.net/coin/29370?k=28705&s=today"
"AERO-V2","AEROCHAIN COIN v2","https://coinsniper.net/coin/29371?k=28706&s=today"
"BSB","Baby Shiba Boom","https://coinsniper.net/coin/29372?k=28707&s=today"
"NEZIS","Nezis","https://coinsniper.net/coin/29373?k=28708&s=today"
"PLX","Phloxcoin","https://coinsniper.net/coin/29374?k=28709&s=today"
"DUB","dubDeFi","https://coinsniper.net/coin/29375?k=28710&s=today"
"BRATS","BabyRatsCoin","https://coinsniper.net/coin/29376?k=28711&s=today"
"BRISK","Brisk Ecosystem","https://coinsniper.net/coin/29377?k=28712&s=today"
"BBB","Blockchain Billionaire Boys","https://coinsniper.net/coin/29378?k=28713&s=today"
"AYC","AnimeYachtClub","https://coinsniper.net/coin/29379?k=28714&s=today"
"CSBL","SBL Credits","https://coinsniper.net/coin/29380?k=28715&s=today"
"HAPPY","HAPPY Fair Launch","https://coinsniper.net/coin/29381?k=28716&s=today"
"ANML","Animal Concerts","https://coinsniper.net/coin/29382?k=28717&s=today"
"COA","Clash of Apes","https://coinsniper.net/coin/29383?k=28718&s=today"
"CNT","Cat Nip","https://coinsniper.net/coin/29384?k=28719&s=today"
"MDC","MyDeFiCat","https://coinsniper.net/coin/29385?k=28720&s=today"
"BABYZORO","Babyzoro Inu","https://coinsniper.net/coin/29386?k=28721&s=today"
"FLWZ","Flowz Coin","https://coinsniper.net/coin/29387?k=28722&s=today"
"EFT","ENEFTI CENTER","https://coinsniper.net/coin/29388?k=28723&s=today"
"ROCKET","RocketDAO","https://coinsniper.net/coin/29389?k=28724&s=today"
"VZN","Vincenzo Network","https://coinsniper.net/coin/29390?k=28725&s=today"
"AAPE","AdaApe","https://coinsniper.net/coin/29391?k=28726&s=today"
"FIT","Fight For Fitness","https://coinsniper.net/coin/29392?k=28727&s=today"
"HUP","HighUP","https://coinsniper.net/coin/29393?k=28728&s=today"
"SCRATCH","Scratch Token","https://coinsniper.net/coin/29394?k=28729&s=today"
"TLB","Telebets","https://coinsniper.net/coin/29396?k=28730&s=today"
"WMF","Walmart Finance","https://coinsniper.net/coin/29397?k=28731&s=today"
"ETHSAITA","ETH SAITAMA","https://coinsniper.net/coin/29398?k=28732&s=today"
"MUS","mini ULTRASAFUU","https://coinsniper.net/coin/29399?k=28733&s=today"
"CRIB","CRIBA INU","https://coinsniper.net/coin/29400?k=28734&s=today"
"SHOCK","SHOCK Token","https://coinsniper.net/coin/29401?k=28735&s=today"
"LAMBO","Lambo Token","https://coinsniper.net/coin/29402?k=28736&s=today"
"KINGFROG","King Frog Token","https://coinsniper.net/coin/29403?k=28737&s=today"
"ARISE","ADARISE","https://coinsniper.net/coin/29404?k=28738&s=today"
"TCC","THOUSANDS CLUB COIN","https://coinsniper.net/coin/29405?k=28739&s=today"
"ALCROMIST","ALCROMIST","https://coinsniper.net/coin/29406?k=28740&s=today"
"LOUD","Loud Metaverse","https://coinsniper.net/coin/29407?k=28741&s=today"
"METAWORK","META NETWORK","https://coinsniper.net/coin/29408?k=28742&s=today"
"SAPE","ShibApe","https://coinsniper.net/coin/29409?k=28743&s=today"
"CCB","Croge coin bsc","https://coinsniper.net/coin/29410?k=28744&s=today"
"FROGEX","FrogeX","https://coinsniper.net/coin/29411?k=28745&s=today"
"ZIKI","ZikiCoin","https://coinsniper.net/coin/29412?k=28746&s=today"
"AMONG","Meta Among us","https://coinsniper.net/coin/29413?k=28747&s=today"
"CLS","CelosiaByte","https://coinsniper.net/coin/29414?k=28748&s=today"
"CWI","Crypto Wrestling Inu","https://coinsniper.net/coin/29415?k=28749&s=today"
"GASLIGHT","GasLight","https://coinsniper.net/coin/29416?k=28750&s=today"